Updated: 13 February 2023,,Country,Region,1960,1961,1962,1963,1964,1965,1966,1967,1968,1969,1970,1971,1972,1973,1974,1975,1976,1977,1978,1979,1980,1981,1982,1983,1984,1985,1986,1987,1988,1989,1990,1991,1992,1993,1994,1995,1996,1997,1998,1999,2000,2001,2002,2003,2004,2005,2006,2007,2008,2009,2010,2011,2012,2013,2014,2015,2016,2017,2018,2019,2020,2021,2022
REER_65_AE,AE,United Arab Emirates,Western Asia,,,,,,,,,,,,,,,,,,,,,63.51,69.15,75.49,76.52,79.89,82.86,73.33,67.77,65.37,66.72,60.51,60.18,60.40,78.85,80.07,75.38,76.75,81.95,87.04,85.92,89.53,94.05,101.47,94.20,91.07,93.15,98.01,100.00,104.82,109.75,106.04,98.63,99.72,101.39,104.56,119.21,121.52,121.33,121.00,118.46,111.97,104.54,110.04
REER_65_AF,AF,Afghanistan,Southern Asia,,,,,,,,,,,,,,,,,,,,,,,,,,,,,,,,,,,,,,,,,,,73.10,87.12,95.67,97.29,98.99,100.00,119.62,114.11,119.17,121.73,119.15,119.69,121.53,123.37,115.14,117.90,109.39,105.25,109.92,90.90,76.77
REER_65_AG,AG,Antigua and Barbuda,Caribbean,,,,,,,,,,113.30,114.67,118.43,122.75,123.94,119.25,109.74,102.45,102.05,93.54,95.95,103.22,120.09,126.35,130.04,139.60,140.45,116.66,105.28,106.07,111.31,104.57,105.97,101.63,106.69,109.35,102.44,106.55,114.09,119.71,120.88,128.03,132.05,129.47,116.12,108.66,107.88,106.72,100.00,98.17,101.33,104.26,100.90,106.56,105.66,105.98,119.70,119.22,119.34,115.30,119.26,118.69,113.97,125.41
REER_65_AL,AL,Albania,Southern Europe,,,,,,,,,,,,,,,,,,,,,,,,,,,,,,119.84,79.16,49.99,32.70,48.55,62.49,62.37,59.92,60.08,72.92,81.12,86.69,91.06,91.42,89.36,97.39,98.97,99.61,100.00,101.08,95.38,90.44,89.55,89.15,90.48,92.60,93.04,96.30,100.22,107.45,111.13,113.08,115.19,115.55
REER_65_AM,AM,Armenia,Western Asia,,,,,,,,,,,,,,,,,,,,,,,,,,,,,,,47.70,65.12,7.89,20.54,34.02,59.27,67.60,68.21,72.19,67.93,70.30,71.17,73.04,66.34,70.15,79.27,86.56,100.00,111.22,100.69,104.01,104.11,100.45,102.75,105.80,107.18,105.19,103.54,101.92,103.96,99.95,96.39,119.54
REER_65_AN,AN,Curacao,Caribbean,119.20,118.37,116.63,115.26,113.23,111.31,109.39,107.69,106.43,103.87,102.65,101.97,103.68,99.87,105.17,108.94,110.36,108.36,105.85,105.04,105.63,112.96,119.96,121.27,121.06,118.82,116.36,113.07,108.30,108.49,106.76,106.22,102.84,103.54,106.07,105.15,105.19,108.15,109.22,109.58,117.23,117.35,114.68,110.16,104.87,103.92,103.13,100.00,99.74,104.25,103.74,100.28,103.03,102.35,103.22,109.81,110.86,109.76,108.90,111.87,113.39,111.45,115.48
REER_65_AO,AO,Angola,Middle Africa,,,,,,,,,,24.20,24.78,25.03,26.99,29.33,31.79,35.69,54.91,82.59,106.14,186.61,244.78,263.03,278.98,292.75,312.03,318.30,262.69,230.33,219.86,224.38,197.71,192.61,156.94,230.24,103.92,56.35,32.88,64.74,81.53,39.91,50.64,59.42,59.75,59.00,68.48,78.12,92.85,100.00,108.12,122.65,119.84,123.56,138.29,145.14,151.92,154.92,149.79,186.21,138.95,116.15,88.50,95.66,164.01
REER_65_AR,AR,Argentina,South America,155.83,158.96,159.35,120.95,141.91,146.51,152.54,120.75,131.36,135.60,135.09,144.47,190.97,266.29,291.86,103.20,142.30,123.71,154.56,213.51,269.90,227.82,105.03,118.18,135.59,118.46,98.46,90.58,94.87,61.84,116.67,155.40,175.97,211.41,211.82,204.03,201.79,211.17,220.14,215.53,220.69,222.08,89.38,97.16,93.12,98.45,100.11,100.00,99.40,92.69,94.31,91.53,92.24,83.60,69.80,78.02,66.47,72.38,55.17,50.21,48.46,50.55,63.40
REER_65_AT,AT,Austria,Western Europe,77.13,77.32,77.93,77.29,77.99,78.74,77.71,78.81,79.91,79.54,77.80,79.01,80.23,84.59,86.68,88.83,91.27,94.53,95.05,93.67,93.13,87.62,88.53,88.59,88.40,88.21,95.56,99.64,98.22,95.00,97.45,95.49,97.11,99.79,100.41,103.90,101.28,96.90,97.92,95.47,91.81,92.60,94.05,97.35,98.81,98.51,98.30,100.00,101.70,101.37,98.60,99.30,97.62,100.24,101.29,98.12,99.29,100.79,102.52,101.48,102.82,103.16,101.50
REER_65_AU,AU,Australia,Australia and New Zealand,96.85,99.44,97.05,94.47,95.37,95.40,95.58,95.58,96.53,95.28,94.01,97.14,98.36,110.11,111.21,106.20,108.94,100.80,97.38,93.37,93.48,101.32,101.49,99.51,102.30,86.78,77.70,78.49,86.82,93.72,90.96,89.65,80.91,76.47,80.02,78.75,85.76,85.62,78.36,78.77,75.71,72.93,76.74,84.80,91.25,94.16,93.78,100.00,98.27,95.81,110.85,119.54,122.63,118.32,113.49,105.84,105.55,108.88,104.61,99.85,98.70,105.40,106.10
REER_65_AZ,AZ,Azerbaijan,Western Asia,,,,,,,,,,,,,,,,,,,,,,,,,,,,,,2.16,2.14,0.73,4.26,40.04,45.44,72.11,86.33,98.57,99.51,82.87,78.99,79.84,86.53,77.79,75.71,82.29,90.96,100.00,115.46,124.27,126.25,129.29,130.57,134.68,140.58,123.58,89.06,93.46,95.40,96.19,95.56,94.53,104.54
REER_65_BA,BA,Bosnia/Herzegovina,Southern Europe,,,,,,,,,,,,,,,,,,,,,,,,,,,,,,,,,,,,,93.46,92.31,92.39,92.01,90.62,92.47,92.71,95.15,94.93,95.51,99.20,100.00,105.78,104.68,101.69,103.12,100.45,100.96,99.95,95.32,94.01,94.09,95.38,93.64,92.92,92.75,93.54
REER_65_BB,BB,Barbados,Caribbean,,,,,,,58.67,58.58,54.61,55.30,56.17,58.17,61.71,63.55,74.22,81.57,83.91,83.37,81.87,82.33,81.78,90.37,98.87,103.47,109.58,114.72,104.32,98.22,96.00,99.76,94.14,96.62,98.04,100.89,99.29,96.46,96.86,104.53,103.68,103.74,107.75,111.26,108.36,102.67,97.12,98.62,102.36,100.00,102.31,109.79,112.20,115.58,120.14,121.67,122.48,129.15,133.02,137.25,137.40,143.52,146.24,143.11,154.83
REER_65_BD,BD,Bangladesh,Southern Asia,,,,,,,,,,,,109.76,149.97,184.32,234.88,167.23,125.95,126.15,133.41,130.78,134.90,131.61,123.47,123.86,134.07,134.17,119.10,116.19,116.48,123.39,114.78,114.57,108.14,113.22,111.93,113.15,115.98,118.71,125.62,126.93,126.93,123.54,118.73,111.13,109.21,103.68,100.07,100.00,104.04,114.09,116.62,111.01,110.48,122.91,132.51,153.48,161.66,162.17,159.96,168.56,174.95,174.57,173.29
REER_65_BE,BE,Belgium,Western Europe,94.08,92.53,91.26,90.00,90.72,90.50,91.40,91.80,93.52,93.62,92.49,92.38,96.57,98.68,99.04,103.84,107.23,112.47,115.42,112.50,106.64,95.96,87.40,86.27,84.85,86.24,93.57,98.14,94.57,91.73,97.10,95.50,96.90,97.83,99.88,104.31,100.88,94.73,95.88,93.64,89.50,90.54,92.27,96.79,98.42,98.39,98.61,100.00,103.92,103.54,100.32,101.11,98.80,100.94,100.82,96.54,99.01,100.71,102.98,101.34,101.91,102.69,102.48
REER_65_BF,BF,Burkina Faso,Western Africa,216.03,248.73,246.09,250.68,248.89,237.39,235.28,218.74,210.58,214.11,197.94,195.22,183.58,185.83,167.85,192.67,155.98,176.34,175.59,187.03,188.05,167.85,165.23,158.94,151.66,157.70,157.14,150.84,148.21,139.60,142.69,138.04,133.96,130.38,84.80,90.54,94.51,92.18,98.17,93.14,86.56,90.14,92.90,96.89,96.15,99.51,100.08,100.00,108.87,107.93,101.40,101.20,100.49,103.34,103.31,101.07,100.83,101.84,103.81,97.77,99.50,101.47,107.73
REER_65_BG,BG,Bulgaria,Eastern Europe,,,,,,,,,,,,,,,,,,,,,113.77,122.18,126.01,119.92,127.27,121.47,110.58,106.13,104.76,111.32,45.15,23.47,30.23,47.13,45.96,54.32,45.18,59.88,68.96,68.51,71.18,75.88,79.60,82.61,86.98,89.35,93.93,100.00,109.93,112.40,110.07,111.38,109.15,110.05,108.25,103.45,102.29,103.19,106.12,106.25,108.08,109.23,112.27
REER_65_BH,BH,Bahrain,Western Asia,,,,,,,106.16,107.67,108.82,104.38,100.95,102.20,106.15,115.04,127.67,132.88,158.28,170.24,175.60,162.34,151.67,169.23,187.90,195.43,199.07,194.35,161.87,141.39,131.97,132.41,120.97,117.83,111.43,117.68,117.86,112.74,112.25,123.08,127.51,123.34,126.69,128.22,123.58,112.38,106.08,105.20,104.10,100.00,97.34,103.54,102.05,94.70,98.48,101.50,104.11,116.87,120.39,119.50,117.76,120.58,116.35,109.53,115.01
REER_65_BI,BI,Burundi,Eastern Africa,,,,,,205.46,202.13,195.00,202.71,204.26,195.74,192.66,179.10,175.28,182.11,185.05,178.25,163.78,174.02,210.28,191.93,228.55,253.29,270.03,249.29,258.29,226.92,194.08,168.52,168.55,146.23,146.86,121.43,125.49,131.36,142.69,149.66,179.18,162.92,135.22,141.78,135.11,116.89,95.28,91.98,101.94,106.28,100.00,104.68,115.61,120.43,119.64,126.15,124.59,130.99,154.01,154.80,167.13,150.31,146.58,149.14,146.89,171.06
REER_65_BJ,BJ,Benin,Western Africa,,,,,,,,,,293.99,283.99,279.04,285.97,291.31,271.67,174.69,167.30,162.76,163.39,168.52,166.94,136.76,123.07,102.09,101.62,100.72,108.87,109.07,106.93,99.94,104.41,100.85,107.17,104.55,71.67,82.55,84.13,82.38,90.21,87.10,83.79,86.46,89.28,94.33,95.76,96.73,99.02,100.00,105.93,105.47,100.43,100.47,102.08,104.64,103.41,98.11,97.52,98.39,99.75,95.82,99.15,98.95,95.02
REER_65_BN,BN,Brunei Darussalam,South-eastern Asia,,,,,,,,,,,,,,,,,,100.50,,,94.20,99.68,104.27,106.82,109.26,108.39,103.02,99.73,98.87,101.14,101.76,102.75,103.93,109.48,113.05,120.78,122.46,121.30,115.67,111.11,111.99,110.48,105.56,102.00,99.71,99.68,100.38,100.00,102.16,104.54,106.22,106.37,105.73,105.41,103.04,102.30,103.12,100.76,100.35,99.47,99.95,99.07,98.44
REER_65_BO,BO,Bolivia,South America,222.18,234.66,241.60,240.29,253.55,251.61,260.46,290.86,300.87,293.79,291.25,286.12,245.65,181.69,264.85,294.13,286.55,289.65,284.76,288.34,302.83,293.79,245.89,275.17,232.20,205.72,158.88,153.57,145.71,143.34,123.05,122.38,118.64,117.25,111.71,111.56,117.11,120.66,127.10,123.00,122.92,118.44,117.30,104.06,97.94,96.66,97.95,100.00,115.36,127.31,125.13,130.77,136.88,145.24,157.24,177.07,186.18,184.53,187.28,194.56,197.22,188.77,189.54
REER_65_BR,BR,Brazil,South America,75.43,67.86,82.51,94.40,80.96,78.09,89.99,96.54,93.10,89.69,92.32,91.02,84.70,78.09,78.95,85.09,86.32,87.25,82.09,72.76,74.84,85.57,97.37,71.22,64.76,63.72,63.68,66.01,66.94,96.77,104.25,87.05,77.09,79.59,96.12,108.77,113.86,117.20,115.16,76.44,83.12,70.00,64.90,63.72,66.69,81.97,92.32,100.00,105.03,105.13,121.63,128.06,116.58,111.92,110.89,92.85,97.78,106.96,95.79,93.95,73.91,72.18,80.55
REER_65_BS,BS,Bahamas,Caribbean,,,,,,,109.38,111.04,112.17,116.58,119.00,119.79,119.45,113.51,113.26,113.02,112.68,106.92,100.14,96.57,97.26,104.59,110.35,114.11,118.20,122.45,114.80,110.37,106.58,108.38,104.03,106.94,108.10,112.05,109.68,105.67,105.60,110.44,116.79,114.04,116.61,120.78,118.62,112.79,107.09,104.51,103.01,100.00,100.09,104.88,103.57,100.55,102.84,102.26,102.47,112.10,111.12,110.11,108.70,112.50,111.36,109.15,114.72
REER_65_BT,BT,Bhutan,Southern Asia,,,,,,,,,,221.38,223.61,226.14,219.72,207.18,193.20,176.86,178.37,165.67,132.41,130.00,133.06,124.83,128.03,130.52,136.24,137.63,127.98,122.78,119.99,118.90,113.17,101.55,95.61,94.22,94.17,90.70,90.47,96.07,93.79,96.55,100.94,101.58,100.06,97.77,96.81,99.01,97.57,100.00,95.34,92.43,92.03,90.53,89.20,88.20,92.22,98.16,96.94,99.75,97.77,97.18,94.34,101.10,103.10
REER_65_BW,BW,Botswana,Southern Africa,,,,,,,,,,114.29,114.08,113.57,108.78,111.27,111.62,107.04,105.57,111.41,109.34,106.14,104.72,112.89,109.05,108.19,112.65,97.54,92.73,91.41,87.55,89.30,93.26,90.68,93.23,98.18,96.57,96.41,93.87,93.21,92.62,94.25,99.41,103.18,108.79,113.48,110.73,106.09,103.50,100.00,103.27,106.53,105.87,106.93,108.21,110.40,111.03,113.63,115.82,114.22,113.81,115.25,116.59,113.83,116.93
REER_65_BY,BY,Belarus,Eastern Europe,,,,,,,,,,,,,,,,,,,,,,,,,,,,,,,471.19,339.00,30.73,5.53,60.67,116.52,154.92,138.60,139.04,101.48,83.03,86.01,91.49,88.71,90.53,96.95,100.97,100.00,106.87,96.59,96.43,82.23,80.29,87.23,89.44,74.20,66.77,71.06,67.64,71.26,63.49,62.84,66.60
REER_65_BZ,BZ,Belize,Central America,,,,,,,,,,77.46,89.30,103.05,119.06,174.48,176.02,182.29,138.00,160.20,150.69,118.63,111.51,117.93,127.12,132.23,134.95,139.26,131.72,124.67,121.88,117.58,111.80,109.34,106.42,107.04,106.29,105.34,109.58,111.09,112.10,108.05,108.51,109.62,109.68,106.35,103.56,102.38,103.20,100.00,100.51,102.53,99.78,95.84,96.68,96.31,96.88,102.10,103.45,102.51,99.63,99.59,99.15,97.23,101.06
REER_65_CA,CA,Canada,Northern America,116.27,111.35,105.15,104.05,104.33,104.35,105.07,105.71,106.53,106.17,107.05,109.32,110.41,107.00,107.80,104.63,110.95,103.57,95.12,90.49,88.08,90.27,95.45,99.55,96.34,92.90,89.22,91.46,96.73,101.98,101.14,104.09,95.92,90.09,82.59,81.02,81.27,81.30,77.21,76.41,77.49,75.53,74.79,81.98,86.09,91.36,96.65,100.00,98.22,93.47,103.04,105.43,105.07,102.03,95.88,87.10,84.75,86.11,85.73,84.72,83.56,88.03,86.91
REER_65_CD,CD,"Congo, Dem. Rep.",Middle Africa,,,,643.28,387.30,361.65,405.30,256.94,267.75,273.88,282.61,281.97,289.22,280.67,321.50,362.73,403.96,565.24,740.93,637.11,519.07,484.07,536.45,431.79,246.27,222.56,215.35,173.95,169.79,172.30,142.75,144.48,137.35,256.39,123.46,123.74,126.38,156.36,169.93,263.89,341.72,168.61,120.90,98.60,93.97,93.27,103.36,100.00,100.69,105.99,115.36,121.15,126.27,125.06,126.03,145.66,138.10,124.81,138.36,146.68,143.78,136.46,150.21
REER_65_CF,CF,Central African Republic,Middle Africa,,,,,,,,,,,,,,,,,,,,,188.47,179.36,175.33,177.57,165.75,176.94,188.29,173.76,158.71,150.45,152.88,139.65,137.68,132.04,80.79,96.82,98.61,94.80,94.03,89.05,85.77,88.12,90.72,97.42,94.69,94.95,99.34,100.00,107.93,110.95,106.75,105.30,106.31,111.84,131.48,127.71,134.02,138.65,140.43,140.17,141.40,143.92,139.91
REER_65_CG,CG,"Congo, Rep.",Middle Africa,,,,,,,,,,279.30,257.50,257.29,280.66,279.86,240.88,280.68,267.90,272.77,286.35,290.69,275.24,221.35,195.21,176.00,164.22,167.41,189.58,200.16,166.18,139.92,146.38,150.62,146.75,136.75,72.45,78.74,81.78,86.70,92.55,90.21,83.14,83.64,86.96,92.70,96.89,96.17,97.51,100.00,105.72,108.59,100.55,99.95,99.22,105.49,106.67,102.86,106.56,105.70,107.11,103.40,105.78,106.27,100.00
REER_65_CH,CH,Switzerland,Western Europe,65.21,64.62,65.41,65.37,65.45,65.10,65.96,66.90,67.64,66.86,65.40,69.40,71.24,78.88,82.03,89.27,92.59,88.31,103.43,100.85,92.94,89.64,94.40,95.71,91.66,90.38,99.81,105.21,102.65,95.31,102.92,102.58,101.22,104.43,109.58,117.39,113.40,104.24,106.47,104.11,101.15,104.06,108.48,108.99,108.11,106.37,103.79,100.00,105.08,108.91,114.18,125.11,121.16,119.67,120.66,129.72,126.65,124.29,120.31,121.82,125.93,122.57,124.06
REER_65_CI,CI,Ivory Coast,Western Africa,103.86,113.80,109.24,106.48,103.99,102.57,103.94,103.59,106.30,102.38,100.48,95.31,93.26,98.97,95.98,104.83,104.29,117.67,125.30,135.71,139.11,123.76,114.49,107.02,100.93,99.64,113.18,121.64,123.56,116.85,119.39,114.07,118.68,118.14,73.62,84.95,84.99,85.10,90.78,87.89,83.51,86.24,89.65,95.84,97.34,97.98,98.08,100.00,100.49,99.80,95.36,97.55,93.93,97.89,98.34,94.61,95.39,95.16,95.83,93.83,96.48,98.53,94.86
REER_65_CL,CL,Chile,South America,484.63,520.83,575.97,533.12,531.45,481.01,468.11,412.80,375.57,375.28,361.18,380.88,358.67,404.81,257.09,139.14,155.48,168.54,140.36,138.62,156.76,186.42,167.58,138.69,133.29,107.57,94.64,89.23,84.81,90.06,87.08,87.14,91.10,92.90,95.97,103.85,106.30,115.19,114.32,105.25,105.71,94.29,90.48,83.47,89.01,95.69,101.08,100.00,101.93,100.31,107.77,109.93,113.59,113.14,103.94,104.08,105.61,109.11,110.52,104.93,95.49,98.61,94.91
REER_65_CM,CM,Cameroon,Middle Africa,,,,,,,,,130.90,119.60,115.00,114.22,119.94,126.58,123.67,136.45,132.96,135.25,142.68,141.62,138.66,122.60,122.04,129.68,131.71,132.83,145.18,148.90,144.14,136.80,142.50,133.43,135.47,127.29,70.85,89.94,91.22,90.31,94.71,92.92,87.48,90.62,93.69,96.82,96.88,96.10,98.76,100.00,104.03,105.78,101.15,101.72,99.26,102.97,104.90,103.05,103.79,103.72,104.66,104.21,107.13,107.45,103.12
REER_65_CN,CN,China,Eastern Asia,468.07,553.31,559.97,508.56,487.84,464.13,442.59,425.06,411.24,397.01,375.89,366.62,366.31,357.28,315.66,304.56,278.50,271.17,260.14,260.42,262.05,227.87,214.02,207.46,181.47,156.36,121.57,108.22,118.11,135.37,102.31,90.27,87.68,95.14,75.31,85.01,94.02,102.00,108.03,101.49,102.25,107.05,104.63,97.00,94.16,93.79,95.72,100.00,108.48,111.48,111.38,114.52,120.74,129.38,133.93,146.64,137.98,135.35,136.64,135.52,137.16,142.05,142.83
REER_65_CO,CO,Colombia,South America,159.68,170.38,169.89,160.63,183.90,164.33,143.94,141.79,132.42,127.55,122.26,121.09,115.69,113.88,113.44,107.91,110.89,130.10,128.06,129.76,129.95,139.18,151.79,147.75,133.73,116.71,93.00,83.81,81.77,77.80,69.64,68.41,68.52,73.67,89.12,95.09,99.80,109.58,106.23,95.31,88.76,86.29,82.69,71.21,77.64,88.86,88.26,100.00,106.08,103.56,116.67,116.74,124.04,120.45,115.62,95.32,92.22,97.13,97.25,91.22,82.65,80.29,76.22
REER_65_CR,CR,Costa Rica,Central America,248.59,239.18,217.61,219.18,222.44,214.97,208.93,205.80,209.01,205.31,204.41,202.17,197.13,202.94,194.76,191.86,190.54,183.89,174.26,169.09,176.13,90.09,99.74,119.38,121.63,121.27,114.34,110.38,102.98,108.05,106.78,91.45,96.38,99.27,98.38,101.48,101.37,103.20,106.06,102.86,105.70,110.00,107.38,99.73,96.41,96.59,97.45,100.00,105.27,107.09,119.64,123.43,129.19,135.72,130.84,141.28,138.77,132.35,129.06,129.42,129.94,118.35,120.58
REER_65_CV,CV,Cape Verde,Western Africa,,,,,,,,,,134.93,134.99,134.85,131.53,133.78,111.60,134.21,121.73,113.54,110.37,98.52,93.77,97.13,102.66,106.88,102.18,98.76,100.75,100.08,97.45,92.97,95.95,95.39,102.41,99.56,99.00,102.29,100.15,104.96,105.37,105.72,97.67,98.89,99.09,100.44,97.27,95.08,97.09,100.00,105.03,106.34,104.48,106.26,104.54,106.55,106.29,103.55,102.11,102.14,103.13,102.50,103.53,103.90,101.53
REER_65_CY,CY,Cyprus,Western Asia,166.34,163.49,161.37,159.07,155.22,148.71,143.64,139.18,126.19,124.48,121.40,122.13,123.95,125.90,121.89,112.30,103.90,101.04,102.81,103.64,104.35,100.71,97.62,95.63,95.01,96.21,93.59,88.92,87.30,85.77,84.66,85.51,88.12,88.50,90.01,91.25,90.06,88.88,92.70,89.01,87.27,88.79,91.75,98.18,99.92,99.52,99.74,100.00,103.82,103.88,99.66,100.30,98.08,100.47,99.45,93.02,93.39,94.91,95.56,93.22,92.41,92.70,92.12
REER_65_CZ,CZ,Czech Republic,Eastern Europe,85.03,81.61,79.49,123.69,120.01,114.86,111.52,111.02,111.15,111.64,115.78,109.89,98.18,82.90,73.51,65.28,72.57,76.00,70.06,67.00,65.13,77.50,80.86,80.95,73.65,72.99,65.39,60.78,54.94,54.08,42.52,39.70,42.55,52.13,55.83,59.11,63.45,64.57,71.27,69.08,70.51,76.00,85.15,83.88,85.34,90.97,96.13,100.00,116.46,110.73,113.13,115.44,112.03,110.10,103.60,101.47,103.38,107.80,112.29,112.84,112.87,117.82,131.10
REER_65_DE,DE,Germany,Western Europe,82.61,87.03,88.62,88.03,87.31,86.38,86.41,85.28,85.63,85.25,91.26,94.83,98.49,107.68,105.23,102.28,102.71,105.26,107.61,107.28,100.96,89.67,90.92,91.34,86.50,84.66,93.69,98.55,95.39,91.50,95.41,92.94,97.56,102.07,103.09,108.84,104.36,97.83,99.16,95.45,88.90,89.66,91.28,96.21,98.24,97.48,97.28,100.00,102.18,101.57,96.49,96.25,93.08,96.22,96.63,91.84,92.64,94.04,96.21,94.51,95.09,96.25,94.99
REER_65_DJ,DJ,Djibouti,Eastern Africa,,,,,,,,,,56.47,56.49,57.59,59.62,58.85,60.58,59.02,69.30,82.27,82.03,80.84,80.43,87.34,87.99,90.18,94.87,98.44,95.79,88.02,87.28,89.71,86.36,89.94,87.77,96.24,98.40,94.50,97.47,106.70,116.83,113.32,120.29,126.52,123.66,110.05,103.44,102.96,102.74,100.00,101.40,111.29,110.06,107.53,114.60,114.67,116.27,129.31,132.98,130.33,125.81,132.28,132.79,127.26,139.59
REER_65_DK,DK,Denmark,Northern Europe,69.36,70.09,72.81,74.82,74.76,75.65,78.08,81.73,81.17,80.96,81.28,81.35,82.29,87.23,88.78,90.75,92.01,93.32,96.83,97.60,90.96,85.07,83.17,83.57,81.58,83.07,90.81,96.06,95.25,92.58,97.24,93.22,94.30,94.56,94.38,98.97,97.53,93.92,95.99,94.66,90.43,91.97,94.19,98.85,99.64,98.69,98.53,100.00,103.11,104.83,100.73,100.17,97.77,99.13,99.64,95.69,96.38,97.05,97.80,96.06,96.80,96.16,93.66
REER_65_DM,DM,Dominica,Caribbean,,,,,105.68,,103.67,99.00,91.56,91.17,96.60,96.98,94.07,91.77,100.78,102.22,90.39,87.08,84.94,89.90,104.22,115.54,121.00,125.44,135.86,140.64,124.57,116.00,109.75,114.23,108.26,111.99,113.33,118.72,115.63,108.17,107.21,111.86,116.39,115.33,119.04,123.00,121.19,113.97,108.08,104.18,103.46,100.00,98.71,102.79,101.10,95.18,96.61,96.61,97.47,104.90,105.94,104.17,101.62,103.96,101.72,98.70,103.61
REER_65_DO,DO,Dominican Republic,Caribbean,138.45,132.26,142.47,151.70,152.33,145.28,141.00,138.95,135.08,130.20,127.99,126.99,129.57,134.74,134.88,140.79,144.94,152.23,142.36,139.36,143.84,146.57,155.46,162.21,191.78,87.82,93.70,74.45,63.28,83.04,86.26,82.17,81.35,85.50,86.52,90.23,91.97,96.80,95.64,94.93,99.63,104.50,98.25,71.21,75.03,103.78,99.17,100.00,100.08,99.97,100.24,100.95,101.28,98.99,97.26,99.93,99.17,97.42,93.83,91.82,85.58,87.09,95.27
REER_65_DZ,DZ,Algeria,Northern Africa,,,,,,,,,,317.59,328.41,322.67,325.02,331.40,295.27,293.13,301.22,309.15,326.65,323.94,319.91,347.46,364.07,386.37,410.45,444.80,437.38,388.31,317.39,267.50,214.35,127.49,132.83,157.76,132.49,114.75,117.68,127.73,134.84,122.32,116.67,121.49,113.30,103.59,104.66,100.80,100.80,100.00,103.84,102.27,103.11,102.64,108.47,106.95,108.43,104.39,102.50,104.38,99.24,101.60,96.78,92.41,99.65
REER_65_EA,EA,Euro area?,Western Europe,,,,,,,,,,,,,,,,,,,,,,,,,,,,,,,,96.06,98.89,92.86,92.29,96.89,96.40,87.39,90.05,84.79,75.62,77.76,82.12,92.44,96.53,95.52,95.70,100.00,105.59,105.01,96.38,96.49,91.22,96.39,96.36,86.91,88.55,90.76,94.21,90.99,91.91,92.56,90.03
REER_65_EC,EC,Ecuador,South America,177.50,165.73,152.51,158.82,158.95,160.17,166.01,168.89,173.97,178.00,153.84,133.45,132.58,130.54,142.30,153.01,161.81,165.85,164.69,160.20,159.79,179.42,178.84,182.15,171.06,201.89,127.53,108.06,90.35,88.59,82.52,85.76,85.28,98.65,103.34,101.81,100.35,106.70,110.29,77.37,73.50,102.76,114.68,115.34,109.43,105.58,105.71,100.00,100.73,109.63,108.16,106.01,111.10,113.85,119.01,138.25,141.48,137.40,133.08,135.93,136.40,130.44,134.62
REER_65_EE,EE,Estonia,Northern Europe,,,,,,,,,,,,,,,,,,,,,,,,,,,,,,,90.94,105.08,17.85,33.49,47.68,61.82,70.83,73.18,80.32,80.45,78.75,82.64,84.92,87.41,89.95,91.92,94.35,100.00,109.15,109.75,106.72,108.46,108.03,111.78,112.45,109.68,110.69,114.10,118.20,118.74,117.98,119.91,134.58
REER_65_EG,EG,Egypt,Northern Africa,244.95,245.15,199.74,180.78,183.37,202.25,214.38,210.03,203.19,202.35,200.17,196.64,181.23,178.58,175.74,171.89,186.12,190.75,184.47,99.34,107.28,122.33,144.43,170.31,205.45,231.48,238.03,261.83,282.57,271.96,161.59,88.42,96.11,110.38,115.31,115.48,122.80,138.47,150.52,154.46,164.11,150.02,129.76,90.22,84.24,94.71,96.35,100.00,107.93,128.11,138.46,135.86,148.03,137.38,146.67,168.33,142.71,96.98,113.36,139.94,154.98,154.89,139.35
REER_65_ER,ER,Eritrea?,Eastern Africa,,,,,,,,,,,,,,,,,,,,,,,,,,,,,,,,,127.06,81.24,80.74,73.93,77.40,80.54,87.85,83.89,90.57,90.96,82.11,87.33,99.90,96.79,99.91,100.00,114.76,161.32,174.07,170.76,185.44,193.19,208.40,304.87,289.85,249.69,204.57,212.95,220.85,222.98,246.78
REER_65_ES,ES,Spain,Southern Europe,57.72,57.53,58.81,61.84,64.14,70.00,71.94,72.61,65.96,65.05,65.72,67.32,69.76,72.30,75.69,77.54,77.81,77.84,79.43,91.51,87.59,83.42,83.80,73.99,76.87,78.77,82.94,85.00,88.96,94.21,100.32,101.25,102.14,91.00,87.28,89.02,90.52,86.01,87.28,86.21,83.76,85.72,88.58,93.46,95.75,96.47,97.80,100.00,103.08,102.59,99.56,100.15,98.00,100.12,99.53,95.16,95.55,96.88,98.22,96.56,96.44,97.18,96.89
REER_65_ET,ET,Ethiopia,Eastern Africa,,,,,,187.85,182.50,179.33,176.59,172.88,181.46,175.18,160.57,163.90,158.11,150.16,191.37,201.30,198.95,205.22,191.32,201.63,224.66,235.18,242.39,287.36,250.69,199.62,190.78,210.52,196.64,231.99,196.07,128.05,114.09,105.36,102.69,96.31,97.99,93.34,95.55,87.79,84.77,86.76,81.50,87.52,95.93,100.00,125.50,115.12,98.54,104.07,126.01,128.65,131.51,154.07,155.87,153.61,146.74,163.16,161.38,155.02,180.14
REER_65_FI,FI,Finland,Northern Europe,106.79,106.59,107.97,109.56,117.70,118.43,118.67,112.93,100.00,98.45,95.61,96.03,92.52,94.39,99.10,105.70,112.71,110.46,100.78,100.42,104.29,106.02,107.60,103.78,106.76,109.16,111.44,115.54,119.17,124.26,127.44,121.80,106.12,91.14,97.58,106.66,102.18,98.08,99.17,96.31,91.73,93.84,95.91,100.64,100.89,99.15,98.40,100.00,103.72,105.41,100.41,100.82,98.63,102.29,103.59,98.67,99.52,99.98,101.53,100.06,100.74,100.18,97.82
REER_65_FJ,FJ,Fiji,Melanesia,,,,,,,,,,115.19,114.74,120.57,140.10,134.93,131.90,136.41,134.17,130.37,132.91,132.69,137.90,138.40,136.12,134.53,134.31,138.52,131.75,113.37,98.99,98.09,99.64,103.31,104.97,108.84,107.69,106.70,106.28,110.25,93.30,93.65,91.10,92.14,92.39,98.47,100.30,99.48,97.39,100.00,102.97,90.51,86.54,90.21,92.34,93.64,92.97,95.51,99.31,100.87,102.10,102.74,99.55,97.10,96.62
REER_65_FR,FR,France,Western Europe,102.76,102.86,105.04,106.40,106.38,104.44,103.30,103.47,107.78,104.49,97.51,96.54,100.18,103.42,96.19,106.66,102.87,99.78,101.88,103.84,106.11,98.97,94.35,91.36,89.06,91.41,98.14,100.79,97.71,97.63,99.12,95.69,97.60,99.15,99.33,102.45,101.71,96.63,98.05,94.86,89.58,90.00,92.03,97.37,99.57,98.78,98.51,100.00,102.47,102.02,98.39,98.06,95.22,97.22,97.35,92.57,93.40,94.08,96.06,94.63,95.35,95.08,91.32
REER_65_GA,GA,Gabon,Middle Africa,,,173.86,179.37,180.00,177.90,178.56,176.92,175.42,167.33,158.76,156.80,157.24,160.08,151.14,186.34,199.49,203.03,211.01,210.05,209.55,187.88,188.92,185.41,177.96,183.46,203.98,201.40,173.38,172.63,203.74,173.41,156.26,153.22,103.18,114.27,112.02,110.16,112.60,106.91,100.41,101.06,101.26,105.99,106.13,104.63,100.98,100.00,104.18,105.16,101.61,100.71,98.73,100.15,104.31,99.75,101.83,103.75,108.20,107.45,109.04,107.91,102.28
REER_65_GB,GB,United Kingdom,Northern Europe,93.01,94.65,95.83,94.53,94.97,95.69,96.16,94.43,84.48,85.75,86.66,90.95,89.32,81.00,79.38,82.45,76.39,78.26,80.76,89.21,103.95,105.40,101.69,94.26,89.06,89.95,86.83,87.74,94.23,91.18,92.73,96.38,93.43,85.27,85.48,82.34,83.40,95.96,101.49,100.50,100.95,98.73,99.33,94.84,98.58,97.02,97.59,100.00,87.62,78.70,79.94,80.60,84.10,83.78,89.65,94.66,83.91,79.97,81.34,81.02,80.83,84.12,84.05
REER_65_GD,GD,Grenada,Caribbean,,,,,,,,,,,,,,,,,73.75,77.58,81.78,87.65,93.19,105.66,111.90,116.58,121.50,122.67,115.90,106.25,104.02,107.90,101.63,100.46,99.82,104.25,107.34,104.10,104.36,106.45,108.55,109.15,112.16,113.46,111.58,106.03,102.00,101.49,102.12,100.00,101.64,103.54,103.85,101.27,102.69,101.62,99.30,104.29,106.61,105.91,103.33,103.90,102.09,98.48,100.52
REER_65_GE,GE,Georgia,Western Asia,,,,,,,,,,,,,,,,,,,,,,,,,,,,,,,533.51,353.23,29.55,16.92,29.95,59.23,83.75,91.46,88.90,71.93,80.28,84.04,82.01,76.02,81.42,88.70,95.25,100.00,113.46,108.30,105.49,114.25,117.23,114.19,112.19,102.60,101.67,101.42,100.90,96.13,90.88,91.34,114.69
REER_65_GH,GH,Ghana,Western Africa,,,,,203.41,246.77,271.49,200.65,180.29,186.20,182.85,187.26,144.82,167.38,176.77,203.41,313.55,612.95,601.09,521.38,690.87,1541.97,1956.98,1375.03,491.89,363.59,230.72,163.55,152.33,142.98,143.27,145.57,127.38,112.38,93.19,108.15,113.95,120.04,132.03,128.39,83.20,86.37,86.02,86.39,85.33,93.95,100.32,100.00,97.11,86.50,88.12,83.39,76.76,77.71,61.22,62.90,71.11,69.94,69.82,67.28,68.33,68.07,62.07
REER_65_GM,GM,Gambia,Western Africa,,308.27,306.22,311.21,288.65,279.55,274.52,264.63,239.71,242.78,226.85,224.44,225.01,239.82,228.69,241.77,226.52,222.99,230.04,237.83,247.20,241.66,236.58,232.72,217.24,237.38,173.67,184.41,203.52,197.25,187.69,179.35,180.88,197.43,182.32,178.14,176.29,184.17,184.89,179.08,170.75,148.57,122.46,87.11,86.25,91.79,92.01,100.00,109.19,99.38,97.01,89.92,88.10,81.48,74.30,87.58,92.80,90.92,89.83,94.27,95.77,96.97,102.97
REER_65_GN,GN,Guinea,Western Africa,,,,,,,,,,456.54,457.08,460.18,469.00,477.17,443.96,406.18,407.61,391.48,386.68,392.84,494.23,630.48,801.95,1035.65,1292.88,1530.21,150.34,139.71,150.71,154.49,153.39,155.90,145.45,152.06,149.86,141.87,144.91,145.15,140.56,130.61,117.96,113.90,110.74,105.83,100.09,78.35,72.27,100.00,99.97,104.33,98.80,95.67,107.86,120.60,130.45,149.71,135.18,141.26,151.15,166.32,172.79,180.67,232.39
REER_65_GQ,GQ,Equatorial Guinea,Middle Africa,,,,,,,,,,27.87,25.33,27.10,27.29,30.13,29.35,33.31,33.44,33.59,35.45,36.87,32.64,29.31,33.75,47.05,65.66,115.63,108.25,97.78,94.92,92.35,97.85,87.51,84.79,85.82,56.17,70.33,70.81,65.74,70.80,67.51,62.85,66.44,73.03,85.06,90.89,93.15,95.08,100.00,105.91,109.84,108.62,112.74,108.57,114.16,118.21,108.95,110.66,111.04,113.55,110.04,116.09,113.70,104.80
REER_65_GR,GR,Greece,Southern Europe,95.95,96.85,93.94,93.21,91.77,90.46,91.54,90.63,90.38,89.33,87.55,85.02,78.98,78.57,87.71,81.78,80.48,80.87,78.49,81.72,79.03,80.49,83.35,77.44,74.54,72.72,70.46,72.91,73.92,73.56,79.27,81.15,84.12,84.96,85.85,88.72,91.45,91.34,90.17,89.51,82.93,84.44,87.73,94.04,96.51,96.54,97.59,100.00,103.35,104.19,103.23,103.68,99.65,99.81,97.80,92.53,93.38,94.85,95.23,93.07,92.01,90.57,90.83
REER_65_GT,GT,Guatemala,Central America,115.55,115.92,116.73,114.34,112.55,108.61,106.33,103.98,103.03,101.02,98.30,94.01,88.56,90.19,92.13,94.39,100.32,105.15,101.84,100.64,98.02,105.60,111.49,117.10,118.10,137.82,93.29,71.11,69.08,69.48,56.49,65.49,66.57,68.45,73.00,75.39,78.53,86.10,88.72,78.78,79.10,83.44,88.94,87.13,88.75,96.53,99.84,100.00,106.83,103.70,105.09,109.13,112.26,115.27,120.67,133.13,140.89,148.79,146.62,148.75,152.40,150.82,155.91
REER_65_GW,GW,Guinea Bissau,Western Africa,,,,,,,,,,139.46,139.58,141.98,142.29,134.14,144.28,154.92,133.26,114.03,92.71,107.16,156.42,204.05,231.29,275.72,187.80,265.38,224.68,136.44,103.74,116.05,112.78,103.68,87.09,93.42,80.94,77.02,78.99,86.79,96.06,89.79,89.15,90.94,95.29,96.78,98.34,97.88,96.74,100.00,109.79,106.42,98.45,100.79,97.57,99.97,99.18,93.84,96.90,95.27,96.66,93.19,95.46,97.23,92.94
REER_65_GY,GY,Guyana,South America,,,,,,,,,,228.55,224.50,216.95,198.68,186.83,183.08,167.65,163.60,162.09,166.13,173.70,173.74,188.58,213.74,245.46,243.21,249.98,241.51,122.70,156.97,107.86,110.38,76.39,82.49,90.17,91.16,93.45,99.90,104.25,104.83,94.07,99.56,100.24,100.84,96.22,91.73,93.66,96.33,100.00,101.04,107.21,108.30,106.08,108.30,108.77,108.11,115.34,117.22,117.20,114.01,116.74,116.95,114.77,122.26
REER_65_HK,HK,"Hong Kong, China",Eastern Asia,,,,,,,,,,98.20,100.24,100.79,103.72,116.43,117.72,111.57,113.30,115.13,106.33,98.98,101.20,96.60,100.40,92.86,94.80,98.25,88.76,84.03,83.71,90.91,91.80,97.86,101.73,112.06,116.83,118.91,126.51,139.02,150.77,140.57,137.36,138.87,131.12,116.82,108.30,105.90,104.98,100.00,98.48,103.20,101.29,99.04,103.86,108.50,113.03,127.18,130.61,129.50,127.25,132.27,132.30,127.21,130.53
REER_65_HN,HN,Honduras,Central America,136.76,138.41,138.12,139.75,143.70,144.74,143.28,142.47,140.60,136.20,133.05,130.72,127.85,121.59,121.34,119.49,119.50,120.68,115.41,115.71,120.60,124.97,134.09,142.27,145.40,146.16,146.45,140.71,137.92,145.74,82.03,81.27,81.64,75.66,68.58,75.72,74.17,80.23,89.47,92.32,97.33,101.38,100.71,97.31,95.47,96.39,98.09,100.00,105.45,113.66,115.47,117.01,118.49,118.08,120.60,124.44,122.37,120.78,120.50,122.09,124.85,127.18,130.31
REER_65_HR,HR,Croatia,Southern Europe,,,,,,,,,,,,,,,,,,,,,,,,,,,,,,,92.45,117.33,58.74,74.69,84.86,89.75,88.44,87.94,92.09,87.09,86.09,89.96,91.61,93.08,95.12,96.51,98.51,100.00,105.46,105.30,102.95,100.44,98.60,100.21,98.88,95.73,96.04,97.86,99.09,97.48,95.89,96.37,97.00
REER_65_HT,HT,Haiti,Caribbean,62.92,65.15,63.97,65.31,70.09,69.66,73.42,69.27,68.00,65.92,63.63,67.01,64.57,70.92,71.73,76.18,78.02,77.15,67.42,68.21,71.19,75.36,80.68,88.08,92.60,101.03,96.24,78.79,76.83,79.64,89.33,81.80,57.39,53.49,63.05,78.02,89.21,95.17,103.28,102.39,87.07,87.45,76.33,60.22,79.10,82.25,90.01,100.00,100.34,103.05,106.11,103.94,105.76,106.88,105.73,105.68,94.10,99.53,102.63,92.16,106.73,123.40,117.97
REER_65_HU,HU,Hungary,Eastern Europe,73.89,72.21,70.13,67.39,65.72,63.68,62.25,60.92,59.89,58.58,55.76,53.23,52.38,50.81,48.35,46.98,51.43,48.96,47.37,48.07,51.77,55.58,57.23,53.33,54.01,55.31,50.18,45.41,46.34,46.88,48.58,53.83,57.88,63.60,63.58,61.47,62.94,66.25,67.02,67.45,67.81,73.96,82.06,84.28,90.13,92.46,88.63,100.00,104.25,96.80,99.38,99.23,97.04,96.50,92.16,88.26,88.25,90.28,89.54,88.51,84.76,85.20,81.11
REER_65_ID,ID,Indonesia,South-eastern Asia,339.91,332.54,272.93,274.13,266.24,320.19,201.25,203.63,228.98,230.90,221.85,208.58,189.75,211.68,257.26,279.81,322.93,325.60,284.83,212.43,224.40,243.05,260.51,210.29,206.64,200.61,157.86,120.10,116.56,116.48,111.59,109.76,106.93,113.64,113.40,110.71,116.28,104.86,51.44,76.02,74.36,70.72,86.09,91.15,86.35,85.08,99.53,100.00,96.34,96.20,110.38,111.62,108.70,105.98,100.10,103.96,107.18,108.86,102.10,106.49,104.24,103.38,107.31
REER_65_IE,IE,Ireland,Northern Europe,77.55,78.20,79.34,78.83,82.05,82.95,82.48,81.78,74.11,76.44,78.41,81.56,81.95,77.54,76.89,77.57,73.34,73.55,75.13,79.05,82.21,79.36,84.13,83.17,81.42,83.07,91.05,90.94,88.48,85.71,91.43,88.16,90.58,82.95,82.72,84.02,85.60,85.51,83.44,80.75,77.26,79.52,84.01,93.09,95.90,95.68,96.31,100.00,104.60,102.68,94.73,93.67,89.43,91.74,90.85,84.20,85.30,85.78,86.52,84.27,84.19,84.22,82.41
REER_65_IL,IL,Israel,Western Asia,190.94,202.14,134.14,134.48,138.36,143.92,150.49,144.86,127.56,125.28,126.50,112.31,116.27,121.45,141.16,123.63,126.25,117.99,93.26,101.09,103.25,100.87,106.44,113.28,104.41,104.11,105.31,105.14,114.59,113.83,113.73,115.78,113.70,111.67,113.92,116.61,121.87,128.05,125.00,119.32,126.51,125.65,113.81,107.18,100.59,98.46,98.30,100.00,112.48,109.63,115.76,117.40,112.08,120.14,121.24,121.20,122.32,128.16,124.84,128.14,130.31,133.69,134.39
REER_65_IN,IN,India,Southern Asia,247.65,251.32,256.18,256.16,285.50,301.21,241.96,225.36,228.06,220.31,220.38,217.57,207.30,204.27,219.56,201.82,169.06,171.33,164.02,156.25,160.12,164.39,165.93,176.09,169.54,165.43,151.31,142.88,132.77,117.86,109.15,91.42,83.20,78.02,80.20,78.82,78.79,86.25,89.81,89.50,92.03,93.54,92.07,89.49,88.36,91.74,92.24,100.00,96.90,101.40,115.07,114.88,111.56,110.64,112.27,123.83,123.90,129.69,122.94,126.67,126.16,126.35,128.45
REER_65_IQ,IQ,Iraq,Western Asia,,,,,,,,,,,,,,,,,,,,,,,,,,,,,,,142.37,12.14,9.82,10.25,8.74,10.43,12.36,12.96,13.76,12.66,14.56,17.23,20.62,24.07,36.87,48.31,71.87,100.00,98.90,102.38,103.60,100.93,110.16,111.00,114.34,132.06,131.82,129.24,123.58,124.92,120.69,98.08,106.56
REER_65_IR,IR,Iran,Southern Asia,236.86,250.04,243.98,235.52,242.70,236.90,228.80,225.08,221.89,221.30,214.12,212.43,202.37,207.10,211.07,211.59,221.34,253.23,242.86,235.90,256.92,302.31,349.05,413.56,464.52,480.21,561.76,684.91,854.32,954.52,965.09,1133.80,1366.97,89.89,84.72,115.07,142.78,180.13,225.85,266.63,315.23,366.34,102.62,86.41,86.19,87.96,93.15,100.00,115.42,128.26,135.00,146.73,171.53,150.71,123.45,140.44,144.30,143.77,146.30,196.92,265.37,352.59,512.54
REER_65_IS,IS,Iceland,Northern Europe,100.86,93.48,93.33,101.87,118.20,121.69,129.78,126.67,100.24,83.12,88.70,89.33,87.31,87.41,100.19,86.62,94.16,102.04,93.51,92.22,95.70,99.20,90.71,85.22,89.10,89.79,89.91,98.50,103.38,89.52,88.89,90.63,90.76,84.24,79.54,79.60,79.41,80.81,84.47,85.20,87.48,76.86,82.00,87.16,89.85,101.29,94.24,100.00,76.57,63.95,66.84,67.99,67.79,71.29,76.35,78.06,87.06,97.98,95.16,88.77,81.73,85.64,89.81
REER_65_IT,IT,Italy,Southern Europe,95.05,95.35,96.11,100.16,103.14,103.31,102.96,103.43,104.36,102.57,102.19,102.06,101.34,94.01,89.18,91.27,81.57,82.13,82.15,83.90,88.66,84.70,85.87,90.33,90.04,89.87,98.35,102.20,100.23,101.71,107.57,107.36,105.54,90.13,88.29,83.08,91.90,91.31,93.23,90.92,86.62,87.66,90.53,96.37,98.48,97.92,98.09,100.00,102.63,102.74,98.79,99.14,97.50,99.91,99.76,94.97,95.37,96.27,97.48,95.26,95.25,94.94,94.12
REER_65_JM,JM,Jamaica,Caribbean,101.60,107.42,107.09,106.50,106.56,106.22,105.02,103.97,93.45,95.01,103.51,104.68,111.37,99.57,111.43,118.84,124.88,128.13,99.71,92.57,103.19,107.79,113.99,121.19,76.74,70.72,81.46,83.51,84.98,91.32,84.23,72.57,64.89,72.55,72.00,77.10,91.13,106.02,113.19,109.82,107.98,108.28,107.81,93.33,94.14,101.94,101.69,100.00,109.70,101.57,111.66,115.37,118.79,114.77,111.84,116.82,111.68,112.13,112.11,112.56,109.88,104.58,109.59
REER_65_JO,JO,Jordan,Western Asia,,,,,,,,,,113.37,114.34,115.09,113.24,117.52,124.28,126.15,132.19,138.59,140.19,148.14,148.04,145.31,149.43,152.73,153.18,153.27,145.59,132.56,118.83,96.89,89.08,93.46,93.00,97.23,95.96,90.10,94.40,101.89,109.46,108.02,112.87,118.51,117.23,107.33,102.44,101.57,104.28,100.00,104.92,106.77,107.89,104.77,111.32,116.06,118.86,129.58,129.89,133.48,134.72,136.83,134.37,129.42,137.26
REER_65_JP,JP,Japan,Eastern Asia,50.96,55.27,58.66,61.65,64.15,66.34,67.86,68.26,69.91,70.55,72.71,64.26,72.89,79.80,78.45,78.70,83.09,92.06,109.94,97.13,89.51,93.54,84.96,91.57,94.04,95.67,124.84,132.76,140.48,128.71,115.59,123.45,126.78,148.48,156.75,160.06,135.94,129.37,129.43,143.68,153.15,136.99,127.37,126.38,127.04,118.91,108.17,100.00,110.07,125.27,127.00,130.34,130.52,104.89,98.74,94.05,105.41,99.92,99.03,101.71,102.81,94.18,79.48
REER_65_KE,KE,Kenya,Eastern Africa,95.59,96.50,97.35,95.11,92.15,91.25,93.98,93.41,92.76,89.10,86.66,85.65,82.49,78.62,79.83,82.85,80.08,84.19,91.75,90.57,91.26,84.82,87.65,80.79,85.29,85.63,74.95,70.45,68.53,67.68,64.02,62.06,64.06,53.95,69.15,70.62,68.40,77.17,82.24,73.89,78.48,82.96,82.27,82.12,80.49,89.71,96.89,100.00,105.86,108.34,105.72,100.06,117.24,121.80,127.32,134.71,140.24,144.68,149.03,158.38,158.28,153.60,156.48
REER_65_KG,KG,Kyrgyzstan,Central Asia,,,,,,,,,,,,,,,,,,,,,,,,,,,,,,,413.10,278.99,22.57,62.10,85.31,107.85,118.04,112.19,106.02,74.49,74.90,81.04,90.75,88.99,86.67,89.58,92.68,100.00,117.99,111.68,107.80,116.32,118.08,121.86,120.52,118.63,110.05,112.85,111.21,110.52,102.80,97.54,110.88
REER_65_KH,KH,Cambodia,South-eastern Asia,,,,,,,,,,,,,,,,,,,,,,,,,,,527.33,127.00,68.96,71.31,62.49,103.21,97.08,97.48,109.49,118.20,117.12,119.69,112.71,109.32,108.24,107.92,105.25,97.53,94.61,95.32,97.24,100.00,117.89,118.07,116.90,119.33,123.32,126.13,130.42,140.32,144.90,145.87,144.29,146.81,148.43,146.09,151.87
REER_65_KM,KM,Comoros,Eastern Africa,,,,,,,,,,98.63,94.52,95.15,99.59,103.92,102.31,129.04,128.14,126.08,129.61,133.16,131.15,113.29,115.51,110.79,108.04,117.38,112.18,113.85,108.82,105.92,100.77,96.68,93.78,92.88,76.72,81.52,82.11,77.10,80.39,78.61,77.62,82.63,87.98,91.12,94.07,93.61,95.14,100.00,105.74,108.77,103.73,103.97,105.66,109.09,109.63,106.00,109.26,106.98,108.14,109.02,112.35,107.99,110.55
REER_65_KN,KN,Saint Kitts and Nevis,Caribbean,,,,,,,,,,,,,,,,,,,,98.12,101.84,104.95,108.63,109.80,112.05,113.78,105.36,97.93,92.32,94.20,90.20,90.16,88.90,90.87,89.74,87.91,87.91,96.14,100.51,101.97,104.71,106.48,105.84,100.88,97.23,96.60,101.16,100.00,99.74,104.15,102.02,102.47,102.87,103.13,102.70,106.25,105.66,104.35,100.00,99.62,98.11,93.47,94.09
REER_65_KR,KR,Korea South,Eastern Asia,209.73,111.76,114.17,117.94,84.10,84.61,92.03,99.15,104.41,108.14,110.91,109.89,98.30,85.74,90.90,86.60,95.84,95.96,95.20,102.87,94.35,98.16,100.05,96.65,94.81,89.40,78.18,77.73,86.68,98.72,94.71,94.85,89.04,90.19,91.42,93.31,95.15,87.49,67.24,76.51,82.70,77.94,81.88,82.03,82.90,92.88,99.86,100.00,81.48,72.96,79.68,80.57,81.11,87.01,92.61,94.71,91.66,94.51,95.62,90.62,88.76,90.13,85.95
REER_65_KW,KW,Kuwait,Western Asia,,,,,,,,,,,,,151.62,155.47,154.92,151.90,154.35,156.25,109.88,105.67,103.45,107.91,115.60,120.05,122.00,121.93,106.58,98.86,92.76,90.94,97.43,103.28,94.19,96.05,95.99,90.14,93.08,97.86,103.52,103.13,107.42,113.06,112.31,103.23,97.39,99.14,99.95,100.00,104.81,105.20,106.26,107.36,110.57,113.41,116.97,127.23,130.69,130.20,127.07,129.12,128.69,128.57,136.15
REER_65_KZ,KZ,Kazakhstan,Central Asia,,,,,,,,,,,,,,,,,,,,,,,,,,,,,,,178.34,116.30,14.58,47.40,48.93,70.96,88.26,96.93,102.22,71.15,70.48,75.66,78.81,75.95,81.56,86.46,95.66,100.00,110.74,100.80,104.98,106.00,110.72,114.31,104.71,100.74,75.13,83.07,80.24,76.41,73.69,72.04,76.28
REER_65_LA,LA,Lao,South-eastern Asia,,,,,,,,,,,,,,,,,,,,,479.69,296.87,318.87,514.89,673.84,965.88,657.24,319.56,161.31,171.82,96.06,105.22,107.17,113.73,116.60,114.20,117.29,114.19,92.30,93.73,96.34,96.29,90.99,90.29,92.14,94.67,99.44,100.00,108.97,116.61,120.23,123.33,130.17,138.27,142.89,158.06,162.73,156.47,148.85,147.77,148.88,140.09,114.89
REER_65_LB,LB,Lebanon,Western Asia,,,,,,,,,,52.06,49.58,48.40,48.14,50.69,56.45,60.08,61.27,61.81,60.81,61.06,63.73,63.67,70.36,80.62,67.94,45.84,30.92,26.79,35.10,49.85,53.04,58.82,59.67,77.73,84.20,87.48,97.50,115.05,126.03,126.42,134.66,137.66,134.08,118.24,109.41,104.18,105.04,100.00,102.22,107.64,110.14,107.26,117.29,121.91,122.98,134.10,134.19,138.46,140.19,146.96,266.60,669.92,755.50
REER_65_LC,LC,Saint Lucia,Caribbean,,,,,,100.67,99.91,98.09,89.46,87.62,94.28,98.59,101.01,100.87,114.14,114.36,100.98,97.48,96.97,94.48,98.17,108.61,112.07,112.55,115.19,115.74,108.16,105.56,99.96,101.93,97.57,99.70,100.77,103.17,102.74,102.57,101.74,102.15,105.61,106.53,113.08,119.07,115.70,109.47,103.85,103.24,103.46,100.00,99.61,102.18,102.21,99.15,102.54,103.37,105.71,111.13,108.86,107.72,106.68,107.48,104.54,101.80,106.30
REER_65_LK,LK,Sri Lanka,Southern Asia,350.79,355.56,354.28,352.48,357.99,345.86,338.38,329.62,278.58,287.32,289.18,285.27,278.01,248.14,233.27,213.04,175.19,154.07,86.57,85.73,90.01,89.40,92.63,93.68,102.20,96.77,89.39,82.80,81.49,79.15,79.05,82.77,82.77,85.11,86.71,84.30,90.25,95.81,100.43,93.46,92.77,92.98,92.45,91.17,88.40,95.42,98.23,100.00,105.99,106.89,111.16,113.39,106.22,111.76,112.92,120.21,117.04,116.48,110.13,105.23,104.78,98.25,89.87
REER_65_LR,LR,Liberia,Western Africa,,,,,,,,,,,,,,,,,,,,,,,,,,,,,,,,,,,,,,,105.83,101.10,112.66,112.14,96.23,96.55,98.88,97.11,101.42,100.00,108.64,112.83,111.33,110.18,118.36,121.49,123.09,147.23,144.24,132.70,122.43,123.82,139.72,165.53,207.06
REER_65_LS,LS,Lesotho,Southern Africa,,,,,,,,,,,,,,120.83,121.98,117.02,105.82,115.55,119.65,128.36,142.22,131.28,116.42,131.08,106.94,78.57,85.87,100.41,94.38,89.75,95.20,100.58,109.20,106.97,102.71,106.84,96.47,97.82,89.71,85.84,78.66,67.52,61.03,87.06,102.59,103.72,100.16,100.00,90.22,96.41,112.11,113.19,105.08,92.80,86.30,78.68,72.43,81.42,83.47,79.97,72.84,81.64,76.58
REER_65_LT,LT,Lithuania,Northern Europe,,,,,,,,,,,,,,,,,,,,,,,,,,,,,18.70,19.54,77.83,93.90,9.71,21.59,39.14,48.95,60.38,71.24,76.24,78.41,86.45,89.52,92.35,93.09,93.67,93.93,95.40,100.00,110.09,114.97,110.77,112.41,110.85,112.35,112.41,107.89,109.23,112.61,115.41,115.59,117.03,119.24,128.75
REER_65_LU,LU,Luxembourg,Western Europe,104.03,101.58,98.96,98.08,98.07,97.40,97.22,96.79,98.03,97.03,96.57,96.71,99.55,100.06,98.54,100.02,104.03,108.37,108.70,105.86,100.73,93.24,86.03,86.02,84.53,85.05,88.95,90.56,88.13,85.94,89.96,88.66,90.12,92.19,93.96,97.91,94.41,90.06,90.77,89.25,87.63,88.40,89.78,93.57,95.84,97.19,98.10,100.00,102.75,102.49,101.11,102.18,100.81,102.81,102.91,99.41,99.83,101.22,102.56,101.89,101.84,102.81,102.12
REER_65_LV,LV,Latvia,Northern Europe,,,,,,,,,,,,,,,,,,,,,,,,,,,,,78.17,84.29,114.07,115.17,13.55,33.29,52.38,62.38,70.38,78.03,81.69,85.12,91.38,92.22,90.60,86.09,87.73,87.53,91.32,100.00,114.02,118.03,110.40,112.72,109.07,109.63,110.32,106.63,107.09,109.51,112.31,112.81,112.97,113.47,121.20
REER_65_LY,LY,Libya,Northern Africa,,,,,353.00,375.64,407.03,424.18,421.26,446.38,404.52,371.61,358.95,365.31,354.73,340.81,358.94,344.86,382.79,313.65,305.88,369.04,435.71,491.04,575.86,628.18,489.82,466.32,465.87,463.13,427.50,471.45,483.33,519.87,489.05,403.30,393.93,415.17,437.50,451.42,426.70,338.93,138.56,114.36,103.59,102.14,99.63,100.00,106.08,111.75,112.04,124.85,132.12,131.25,133.69,155.15,196.87,243.36,270.43,263.61,265.24,79.17,80.79
REER_65_MA,MA,Morocco,Northern Africa,162.46,162.17,164.35,166.79,167.48,165.52,159.39,154.23,153.45,153.44,149.70,147.10,148.64,146.15,144.69,145.28,144.68,145.85,148.32,147.56,141.27,129.44,128.43,120.12,113.67,106.12,101.90,97.99,95.88,95.87,90.36,91.24,91.84,95.38,98.09,101.62,102.04,101.68,105.45,104.98,107.08,102.98,103.35,102.63,101.47,99.55,100.43,100.00,101.69,105.09,101.13,98.46,96.24,97.91,97.86,98.08,100.03,99.43,99.27,99.88,100.08,100.88,97.85
REER_65_MD,MD,Moldova,Eastern Europe,,,,,,,,,,,,,,,,,,,,,,,,,,,,,,,283.73,274.35,32.03,15.91,61.04,64.27,76.68,90.99,85.65,61.23,72.67,78.20,74.36,69.80,80.80,85.65,89.83,100.00,121.96,119.32,114.33,121.09,126.01,123.74,116.35,108.06,109.16,122.20,133.54,137.14,142.57,138.63,169.38
REER_65_MG,MG,Madagascar,Eastern Africa,,,,,220.78,221.63,223.93,219.51,215.37,206.09,191.60,192.73,201.33,205.42,208.17,219.84,204.67,188.37,189.73,202.02,212.53,223.69,236.90,234.42,198.41,190.22,176.76,113.20,102.90,97.96,103.98,89.46,94.45,104.36,87.31,85.72,107.83,96.12,99.02,91.58,100.95,114.05,122.92,115.48,79.69,85.49,85.83,100.00,111.53,109.96,110.77,116.89,117.08,121.39,117.57,117.11,114.88,123.60,119.82,119.02,117.03,115.74,121.46
REER_65_MK,MK,North Macedonia,Southern Europe,,,,,,,,,,,,,,,,,,,,,,,,,,,,,,,113.73,136.91,86.82,87.85,103.85,125.18,120.63,104.97,98.51,93.87,93.40,96.85,98.15,100.29,99.47,97.19,98.28,100.00,106.80,105.39,101.14,102.90,101.33,104.79,104.30,99.63,99.57,100.49,102.30,100.43,101.74,103.11,103.70
REER_65_ML,ML,Mali,Western Africa,,,,,,,,,,119.20,123.83,156.15,151.78,171.75,157.75,161.44,155.71,167.96,205.88,187.52,199.44,184.45,168.55,166.23,166.93,177.87,188.45,160.54,164.77,153.86,160.52,153.69,144.13,139.30,90.71,102.62,105.88,97.72,103.25,98.31,90.41,93.69,98.76,100.10,96.96,99.65,98.68,100.00,108.90,110.80,105.03,105.54,106.25,106.55,107.34,103.96,103.01,104.17,106.31,100.19,101.26,102.10,100.30
REER_65_MN,MN,Mongolia,Eastern Asia,,,,,,,,,,,,,,,,,,,,,,,,,,,,,,,145.87,166.09,107.42,47.99,97.54,85.36,101.52,93.76,99.63,85.53,90.76,95.66,93.45,87.86,86.59,92.40,95.53,100.00,121.68,108.74,122.44,134.29,143.05,140.66,132.16,138.14,127.52,114.15,116.76,116.53,113.35,113.91,117.00
REER_65_MR,MR,Mauritania,Western Africa,,,,,,,,,,190.86,188.89,194.02,200.83,226.42,224.81,244.41,242.75,230.52,201.76,202.93,191.44,200.53,214.14,220.69,221.78,203.43,188.47,180.93,176.44,174.18,167.31,168.55,164.25,133.39,130.95,121.13,120.24,122.14,112.54,103.70,99.43,100.25,93.92,88.61,91.36,96.03,97.48,100.00,108.08,103.89,102.09,98.27,100.09,102.43,106.25,112.81,105.18,103.22,102.60,104.24,104.09,105.50,113.83
REER_65_MT,MT,Malta,Southern Europe,168.20,170.88,166.89,164.55,164.94,162.16,157.89,152.30,132.64,131.10,129.84,129.32,128.74,122.27,110.74,107.07,96.20,97.73,97.33,98.87,105.61,106.88,108.09,103.11,98.44,95.94,99.18,100.39,99.22,94.16,94.60,91.81,88.89,79.01,79.95,82.26,81.80,83.81,89.60,88.43,86.74,88.04,90.12,94.21,97.77,97.10,97.86,100.00,103.81,104.36,99.47,99.49,96.25,98.95,99.11,93.35,94.52,95.62,97.59,95.50,96.86,95.91,91.49
REER_65_MU,MU,Mauritius,Eastern Africa,,,,144.80,143.25,140.01,140.69,138.01,126.45,125.30,122.13,117.52,115.53,109.85,119.97,114.78,116.83,117.78,119.10,117.35,119.79,134.27,128.90,130.76,121.59,118.67,118.43,108.91,101.95,102.33,103.11,108.37,105.28,111.65,113.29,113.99,117.49,112.56,108.95,110.88,117.76,114.47,114.20,109.72,106.20,100.45,98.71,100.00,113.43,107.60,111.91,119.00,120.95,121.20,124.83,123.50,124.82,130.15,130.45,127.80,116.90,107.88,114.62
REER_65_MV,MV,Maldives,Southern Asia,,,,,,,,,,114.88,113.77,115.16,122.01,130.35,138.08,85.35,75.52,65.89,66.24,86.78,97.05,105.63,109.35,121.72,122.65,110.61,104.94,81.89,85.76,87.87,88.57,91.65,98.24,115.04,108.38,105.55,110.04,121.08,121.09,123.20,125.10,122.26,114.85,103.01,102.21,100.10,100.29,100.00,104.71,111.94,115.69,106.02,112.68,116.27,118.22,129.77,132.03,134.26,130.56,132.64,128.62,122.59,127.57
REER_65_MW,MW,Malawi,Eastern Africa,,,,,,,,,,206.80,216.28,223.25,224.88,195.29,191.40,198.06,196.48,186.93,194.53,199.42,206.46,210.30,205.32,205.04,219.70,217.55,196.55,175.14,192.83,202.35,202.71,204.60,182.76,190.25,125.23,121.12,172.34,179.88,131.10,135.28,136.78,147.94,162.61,114.50,102.11,104.08,101.66,100.00,105.15,114.68,106.53,103.09,81.08,73.32,79.16,91.35,79.68,82.04,85.82,94.56,104.55,97.56,100.53
REER_65_MX,MX,Mexico,Central America,95.56,96.61,96.51,95.36,96.24,97.41,98.45,98.65,97.41,95.89,95.42,96.36,95.80,98.10,108.26,114.28,101.72,83.47,88.60,93.85,104.43,116.84,78.62,72.89,84.19,84.89,62.43,60.41,74.22,79.20,82.14,89.84,97.49,104.65,100.36,68.21,76.07,88.19,89.30,97.25,106.12,113.26,113.21,100.63,96.37,100.15,100.50,100.00,98.42,86.46,93.93,94.44,91.76,97.55,96.77,86.29,74.62,76.34,76.64,78.77,72.18,77.07,80.15
REER_65_MY,MY,Malaysia,South-eastern Asia,208.52,208.51,205.58,205.57,202.27,195.05,191.60,194.03,187.93,179.59,174.71,173.33,176.87,193.00,197.34,189.35,176.11,174.22,169.12,168.71,161.87,160.54,170.08,176.47,181.30,175.40,149.09,139.56,124.24,120.71,115.68,112.57,120.34,121.54,117.56,119.45,124.07,118.98,96.14,97.51,99.50,104.50,104.58,97.62,92.86,93.17,96.96,100.00,101.21,98.13,104.19,105.03,105.49,107.44,107.31,99.68,94.76,93.29,97.35,95.68,92.23,91.90,90.70
REER_65_MZ,MZ,Mozambique,Eastern Africa,,,,,,,,,,,,,,,,,,,,,177.95,172.17,201.22,237.44,315.86,449.67,569.21,174.19,145.99,146.28,146.80,120.14,91.60,89.22,91.29,83.17,102.40,111.49,117.89,114.17,115.24,99.51,103.81,92.47,96.98,97.12,98.40,100.00,118.81,109.81,91.66,111.08,121.71,123.89,125.07,114.64,88.16,93.40,97.87,100.20,95.88,98.01,115.24
REER_65_NA,NA,Namibia,Southern Africa,,,,,,,,,,120.24,121.13,121.90,115.21,122.31,125.20,116.88,111.57,111.34,110.25,111.55,116.28,119.46,117.33,126.79,113.44,91.28,85.72,90.78,86.27,86.87,86.16,86.83,95.34,95.61,96.13,97.16,91.79,95.59,89.56,89.76,92.39,87.83,81.82,99.16,107.29,107.55,104.34,100.00,92.03,101.01,113.48,112.19,109.15,100.67,95.30,93.43,91.33,100.92,101.10,98.95,90.92,95.56,94.01
REER_65_NE,NE,Niger,Western Africa,,,,169.80,166.71,166.98,180.44,176.59,166.11,169.44,155.21,154.40,167.05,178.46,151.71,162.77,176.84,193.05,200.27,201.04,197.90,199.29,190.26,170.69,166.51,160.47,167.65,159.26,151.76,141.03,143.16,137.22,129.64,125.13,84.33,94.12,96.44,92.94,99.76,94.54,89.51,92.14,95.42,97.73,98.30,102.41,99.85,100.00,110.40,109.45,103.15,103.51,98.60,102.67,101.70,97.17,97.38,96.83,100.05,94.60,97.63,99.28,94.55
REER_65_NG,NG,Nigeria,Western Africa,142.89,151.47,155.54,146.52,144.51,143.67,155.14,145.68,142.73,151.43,164.09,181.14,183.63,164.99,169.27,207.32,250.14,253.26,270.45,279.94,300.12,329.82,331.44,384.73,532.62,473.86,213.91,91.64,101.68,94.00,82.06,72.44,56.49,72.47,109.92,174.96,226.69,265.50,301.42,74.87,76.74,85.83,86.02,80.10,81.82,94.55,100.94,100.00,111.62,104.64,114.45,114.96,128.71,138.44,147.74,148.14,131.54,123.99,133.50,151.41,144.92,143.05,164.84
REER_65_NI,NI,Nicaragua,Central America,,,,,,,,,,285.15,344.05,423.27,502.83,567.16,563.51,550.63,540.30,558.62,523.31,607.66,684.70,843.66,1049.57,1339.50,1777.38,2093.17,6262.79,55975.28,2861.30,3243.12,2120.03,145.65,143.32,142.64,119.08,112.33,110.13,108.13,111.15,108.81,112.67,114.31,109.07,102.07,99.37,99.28,99.82,100.00,106.77,108.00,104.10,100.76,102.19,103.16,103.91,108.85,107.07,103.60,100.84,101.28,100.46,98.61,103.76
REER_65_NL,NL,Netherlands,Western Europe,70.76,73.07,73.25,73.19,75.26,76.51,78.27,78.92,81.24,84.22,82.79,86.17,90.74,95.37,96.40,99.43,102.43,106.57,108.28,106.03,101.23,90.83,93.15,92.04,88.09,86.63,95.16,98.37,94.79,89.72,93.09,90.62,92.50,93.82,94.10,98.35,95.02,89.39,91.74,90.06,85.46,89.15,92.97,98.72,100.05,98.94,98.50,100.00,101.76,102.50,97.67,97.44,95.07,98.81,98.58,93.87,94.63,95.52,97.02,96.92,98.25,98.70,101.03
REER_65_NO,NO,Norway,Northern Europe,75.90,76.61,77.84,77.14,79.36,79.30,78.57,79.65,81.94,81.32,84.88,85.73,87.87,91.74,92.84,96.65,98.41,99.79,95.19,90.49,91.43,93.75,96.98,96.47,94.64,94.22,94.98,97.72,100.11,99.04,98.83,95.28,95.74,92.23,90.22,93.43,92.59,93.04,91.58,90.87,88.86,92.36,100.08,99.50,95.37,99.07,99.01,100.00,100.93,98.05,102.60,103.49,103.04,102.13,97.28,88.93,89.01,90.14,90.43,88.01,81.85,87.13,84.56
REER_65_NP,NP,Nepal,Southern Asia,,,,,187.99,194.33,228.54,208.37,163.03,164.57,180.06,169.10,169.02,156.37,159.54,151.92,131.58,132.04,129.71,122.52,124.90,136.51,141.84,145.69,139.95,132.09,116.57,116.90,115.93,109.31,101.25,86.57,88.26,87.18,89.09,84.98,83.18,90.17,88.98,94.16,95.72,94.27,91.13,88.70,88.85,91.94,94.04,100.00,95.68,98.97,107.91,109.09,104.35,104.37,107.92,118.22,123.97,128.64,125.57,127.54,127.46,125.37,125.95
REER_65_NZ,NZ,New Zealand,Australia and New Zealand,89.07,89.65,89.82,89.05,90.29,89.83,89.51,90.34,75.54,76.20,77.39,82.87,84.12,86.86,86.81,77.84,72.37,74.63,77.79,78.96,78.71,78.78,80.96,77.88,70.59,73.10,76.10,88.34,94.90,89.55,86.90,82.60,74.78,77.52,82.15,87.95,93.41,95.68,84.06,80.38,73.12,72.03,78.52,88.73,94.77,100.11,92.93,100.00,93.17,87.29,96.74,101.19,105.29,109.60,113.53,107.19,107.13,108.66,104.47,103.06,102.23,109.11,106.13
REER_65_OM,OM,Oman,Western Asia,,,,,,,,,,,,,,,,,,,,,179.27,190.78,201.35,197.71,186.75,179.40,145.61,130.89,122.95,125.10,125.14,125.83,120.01,127.09,120.59,109.63,111.38,116.62,122.68,119.43,121.43,124.60,122.43,109.87,101.99,100.78,101.36,100.00,105.16,111.80,111.19,107.28,111.54,114.40,115.88,128.28,129.29,129.34,125.89,127.22,123.96,119.81,127.06
REER_65_PA,PA,Panama,Central America,250.69,259.30,254.48,245.48,250.34,241.42,234.84,229.89,225.91,220.46,215.72,217.69,207.83,191.22,192.55,184.63,181.14,169.99,151.30,149.30,154.03,160.69,172.13,172.90,175.44,175.68,153.70,139.97,128.43,126.29,120.95,116.21,111.45,108.41,104.69,98.56,101.68,108.04,116.45,111.92,113.55,118.25,117.16,108.03,101.38,100.52,100.86,100.00,100.78,104.30,102.43,100.64,106.55,114.81,119.03,130.79,128.99,128.26,125.51,125.85,123.06,121.47,131.12
REER_65_PE,PE,Peru,South America,31.76,34.15,35.49,36.95,39.61,44.79,47.38,45.21,41.19,41.96,42.01,42.90,42.24,40.11,41.69,46.79,42.98,36.01,27.07,27.76,30.25,35.24,36.53,33.34,33.07,27.80,35.26,49.43,46.16,92.26,90.11,106.22,107.87,100.46,107.92,110.04,111.60,114.58,115.62,102.27,104.82,107.98,107.27,101.95,100.21,100.75,100.10,100.00,105.95,109.34,113.69,112.96,122.64,122.81,121.58,122.79,120.31,124.44,121.49,123.91,120.43,106.94,116.05
REER_65_PG,PG,Papua New Guinea,Melanesia,,,,,,,,,,,,136.15,137.75,146.00,157.09,146.67,145.71,140.87,146.11,140.75,149.40,155.80,154.20,148.84,150.46,146.17,139.98,137.96,138.21,142.26,125.50,129.07,128.07,134.96,128.11,110.21,117.93,118.80,103.76,92.27,102.03,95.78,90.04,99.22,102.25,103.68,104.33,100.00,113.84,123.49,121.16,132.28,157.68,156.79,153.29,162.87,153.02,154.22,152.26,157.11,160.64,155.43,169.11
REER_65_PH,PH,Philippines,South-eastern Asia,267.21,273.32,152.59,148.59,159.83,158.43,161.93,166.35,164.72,160.67,115.04,125.52,119.32,118.47,135.77,123.89,126.01,126.59,118.33,126.48,131.98,135.48,138.66,110.69,107.56,118.66,94.06,86.62,87.40,92.63,87.87,87.94,97.04,95.22,104.83,108.05,116.65,114.78,96.87,102.35,96.12,91.08,91.16,82.32,78.41,82.64,91.53,100.00,105.18,103.49,108.58,110.28,116.56,121.94,121.47,129.68,123.86,118.05,115.09,120.13,126.95,127.88,124.56
REER_65_PK,PK,Pakistan,Southern Asia,343.11,351.14,341.18,335.93,345.66,351.38,365.65,379.19,371.46,367.72,368.52,369.29,193.80,178.83,200.20,218.51,226.85,228.25,211.51,203.62,203.07,226.41,204.42,197.80,198.82,185.14,157.98,141.20,137.96,128.76,119.85,118.16,111.17,111.55,109.80,111.20,107.77,111.93,114.52,107.59,105.86,98.12,102.55,98.18,94.15,97.18,100.27,100.00,90.88,97.04,99.06,103.57,107.32,105.56,115.23,130.55,132.08,133.84,116.12,101.89,103.44,106.14,95.77
REER_65_PL,PL,Poland,Eastern Europe,95.66,93.64,92.56,89.99,88.45,85.76,83.71,82.80,83.14,81.45,77.35,73.96,68.98,64.79,62.62,56.58,58.35,55.22,51.42,39.41,35.29,40.21,50.73,58.69,88.12,77.99,60.15,42.29,39.40,41.97,37.24,55.72,57.28,61.71,62.59,67.31,72.87,75.28,80.85,77.13,85.04,96.83,93.49,83.60,83.01,93.50,95.84,100.00,110.57,93.34,99.66,98.00,96.07,96.92,96.80,93.08,88.90,92.06,93.04,92.43,92.41,92.09,93.79
REER_65_PT,PT,Portugal,Southern Europe,71.68,71.02,70.20,68.57,68.37,67.08,67.80,69.64,74.12,77.07,76.38,77.65,78.04,79.63,87.59,91.20,90.37,82.26,75.02,70.72,72.21,77.19,76.21,71.68,73.14,74.43,74.52,73.80,73.96,76.24,81.33,86.94,94.14,90.09,88.84,91.59,92.17,89.91,90.76,89.87,87.22,89.68,92.36,96.77,98.22,97.75,98.49,100.00,101.42,100.45,97.59,98.39,96.93,97.68,97.03,94.35,95.51,96.24,96.76,95.03,95.08,93.53,92.49
REER_65_PY,PY,Paraguay,South America,154.35,176.25,173.91,179.54,173.51,173.82,172.85,176.27,171.52,167.18,157.28,155.68,150.67,140.70,152.74,171.58,165.96,169.33,160.01,173.66,181.85,208.77,250.08,283.46,212.89,177.63,187.73,127.39,144.95,98.45,96.86,102.81,96.87,97.62,103.67,107.02,111.50,116.78,107.22,98.63,98.45,91.40,80.68,73.69,77.18,75.99,88.24,100.00,118.35,111.01,117.69,134.95,133.65,141.37,147.81,141.57,137.89,138.74,141.75,137.39,128.40,126.98,131.12
REER_65_QA,QA,Qatar,Western Asia,,,,,,,,,,,,,,,,,,,,79.96,78.36,85.80,93.25,96.39,99.66,100.87,86.23,79.39,76.95,79.15,73.58,73.94,71.89,74.29,72.18,68.79,73.77,79.90,86.34,85.72,90.09,94.55,92.17,84.02,82.55,87.08,94.51,100.00,108.27,106.65,100.64,95.22,98.23,101.76,105.95,118.54,121.94,120.13,116.02,116.89,112.04,108.69,116.57
REER_65_RO,RO,Romania,Eastern Europe,,,,,,,,,,330.27,315.90,298.87,287.89,72.53,61.88,54.28,54.76,49.80,47.63,43.01,38.96,50.62,62.65,55.57,47.10,58.30,48.74,49.93,48.03,46.15,60.47,44.54,32.11,49.98,52.89,51.79,46.67,55.27,72.02,61.61,69.15,70.83,72.04,70.04,71.82,85.12,91.28,100.00,96.16,88.22,90.07,92.40,86.90,91.32,91.41,87.88,86.05,85.35,87.43,87.07,87.88,88.78,92.01
REER_65_RU,RU,Russia,Eastern Europe,,,,,,,,,,,,,,,,,,,,,,,,,,,,,,,130.05,92.77,11.20,26.84,47.81,61.84,81.08,87.61,68.57,49.93,55.79,66.80,70.17,71.21,76.87,85.20,94.14,100.00,109.01,99.35,108.67,113.25,115.81,117.84,105.59,86.63,85.20,99.34,91.08,94.04,85.50,84.35,103.11
REER_65_RW,RW,Rwanda,Eastern Africa,,,,,,,134.67,116.69,118.48,115.05,110.49,106.27,106.42,108.49,112.44,130.47,130.49,134.04,139.73,148.25,143.06,158.69,175.46,183.80,192.54,195.88,186.19,186.60,188.64,184.60,162.75,127.01,121.70,133.29,156.25,118.39,116.21,138.99,146.64,136.80,128.71,119.63,110.63,90.51,86.03,93.09,98.95,100.00,106.41,116.60,113.17,108.45,114.07,111.84,107.67,117.22,113.30,108.54,101.33,100.78,102.49,93.06,99.81
REER_65_SA,SA,Saudi Arabia,Western Asia,,,,164.46,166.53,160.06,158.48,156.94,155.90,154.78,147.38,148.60,153.26,172.07,189.76,230.96,293.34,296.54,262.24,242.09,227.28,229.77,235.85,236.53,233.47,221.75,178.02,152.30,140.34,140.65,127.34,127.99,120.55,125.77,122.15,118.88,119.59,125.31,131.62,124.60,126.67,129.56,126.34,114.35,106.05,103.17,102.17,100.00,99.49,106.69,106.50,102.69,106.58,111.21,113.65,126.44,128.89,125.94,124.80,123.43,125.36,122.97,129.16
REER_65_SB,SB,Solomon Islands,Melanesia,,,,,,,,,,,,171.67,173.85,175.41,180.82,168.25,158.33,143.48,136.96,136.86,144.86,149.92,154.46,140.50,141.73,137.10,115.61,99.63,101.40,103.85,94.78,96.97,96.27,96.83,99.92,97.69,103.70,113.41,108.73,112.53,118.03,128.03,105.78,92.90,91.26,94.01,101.02,100.00,107.95,114.60,106.64,109.86,120.31,130.40,137.87,143.69,142.56,141.34,141.43,142.12,144.86,139.62,146.56
REER_65_SC,SC,Seychelles,Eastern Africa,,,,,,,,,,,81.83,90.46,103.41,103.29,107.49,108.39,99.84,101.90,110.58,121.35,119.05,132.72,128.85,133.88,132.94,134.14,136.56,136.12,133.57,129.94,128.14,127.77,127.30,130.24,131.00,129.55,120.97,126.58,129.44,134.55,139.76,148.20,154.55,143.25,134.43,130.71,123.96,100.00,91.29,86.14,91.61,85.41,83.72,98.84,94.74,104.23,104.30,102.13,99.65,102.03,81.80,88.02,109.77
REER_65_SD,SD,Sudan,Northern Africa,104.67,113.92,114.67,117.09,118.93,109.93,109.61,118.82,105.51,114.39,113.90,110.29,113.77,111.94,123.19,137.02,136.19,144.21,137.51,146.52,139.47,150.59,119.32,112.40,154.52,125.22,156.53,143.84,144.86,240.73,219.47,321.54,46.89,60.50,69.06,53.09,45.80,55.89,57.06,52.03,57.13,60.04,70.75,68.45,69.70,76.41,88.58,100.00,103.06,107.59,116.10,110.23,112.82,115.68,130.72,161.06,188.21,233.11,99.93,80.38,176.03,109.11,202.83
REER_65_SE,SE,Sweden,Northern Europe,118.30,118.17,119.82,119.16,119.28,120.24,123.46,125.39,127.05,125.62,127.25,129.74,132.07,129.80,124.06,128.08,131.74,129.40,121.96,120.84,124.10,121.88,109.90,100.38,104.44,107.34,109.52,110.54,112.91,114.80,120.34,124.67,123.26,101.77,101.59,102.04,110.21,105.28,104.34,101.11,98.95,91.57,94.29,100.64,101.98,98.25,98.22,100.00,98.49,90.62,97.19,101.61,100.95,103.54,98.25,91.79,92.16,91.92,88.04,84.39,86.17,89.29,83.33
REER_65_SG,SG,Singapore,South-eastern Asia,112.39,113.84,113.23,112.04,113.19,109.16,109.12,108.98,106.39,101.81,97.88,97.27,98.62,116.20,122.46,117.59,106.33,101.07,99.28,98.30,96.97,102.50,106.49,108.92,110.97,108.38,95.29,89.86,88.71,92.25,96.07,99.71,101.84,103.78,107.98,110.68,113.58,116.25,113.38,105.77,106.16,106.95,103.92,98.96,97.39,96.15,98.47,100.00,106.43,106.58,111.03,117.90,124.50,129.47,129.89,130.07,127.75,126.23,125.39,125.19,122.27,123.26,130.02
REER_65_SI,SI,Slovenia,Southern Europe,,,,,,,,,,,,,,,,,,,,,,,,,,,,,,,112.65,97.46,94.02,95.08,97.50,108.44,104.06,104.57,110.02,108.53,106.12,91.29,93.78,96.87,97.32,96.99,97.41,100.00,103.76,104.10,101.94,101.03,99.64,101.41,101.16,97.68,97.76,98.30,99.30,98.78,98.61,98.08,98.02
REER_65_SK,SK,Slovakia,Eastern Europe,75.11,72.11,70.20,108.99,105.54,100.95,98.08,97.60,97.48,98.04,101.43,96.47,86.18,72.79,64.79,57.45,64.03,67.06,61.78,59.21,57.50,68.64,71.80,71.64,65.09,64.53,57.46,53.29,48.24,47.48,37.32,35.72,38.10,45.23,47.41,50.38,51.96,55.15,57.00,54.56,60.56,62.68,65.39,73.75,81.40,84.88,89.88,100.00,110.31,115.09,111.59,113.00,112.81,114.51,113.83,110.12,109.74,110.25,112.22,112.93,115.09,115.47,118.61
REER_65_SL,SL,Sierra Leone,Western Africa,,,,,,,,,,166.16,168.59,157.09,154.89,137.76,132.47,131.97,124.82,118.10,123.48,128.53,128.33,147.01,190.72,210.96,269.23,240.02,112.83,127.40,167.29,147.69,106.74,107.36,98.56,112.26,130.45,116.12,117.09,132.91,116.60,135.74,124.89,137.89,124.04,99.14,87.81,90.61,94.52,100.00,102.14,102.41,92.09,83.43,91.48,94.90,94.23,101.64,92.74,91.31,94.02,97.66,100.14,98.99,95.06
REER_65_SN,SN,Senegal,Western Africa,,,,,,,,156.84,152.05,146.61,137.38,136.40,140.93,149.43,144.08,185.49,167.96,165.70,160.84,163.90,158.65,138.19,140.72,138.99,141.14,154.81,173.19,166.26,155.81,147.42,151.91,141.95,141.88,138.40,90.94,99.05,99.24,95.21,97.96,94.85,88.86,90.70,93.69,96.26,96.64,95.28,95.00,100.00,105.22,101.47,96.25,97.12,94.11,96.19,95.12,91.30,92.40,92.49,93.11,91.31,93.91,94.01,92.67
REER_65_SQ,SQ,Serbia,Southern Europe,,,,,,,,,,,,,,,,,,,,,,,,,,,,,,,,,,,119.33,205.14,136.25,145.86,114.09,139.73,47.61,82.90,88.93,86.91,85.68,84.53,90.23,100.00,108.47,101.38,93.06,101.66,94.07,102.00,100.40,95.45,94.86,98.51,103.26,103.12,105.32,107.33,109.60
REER_65_SR,SR,Suriname,South America,1931.87,1933.15,1928.06,1912.70,1942.18,1905.37,1934.39,2084.14,2043.61,2172.36,2122.39,2034.05,2003.23,1956.03,2010.08,1968.42,2078.56,2068.41,1974.51,2035.41,2073.30,2223.67,2410.75,2505.39,2616.77,2896.72,3009.65,4137.62,4163.80,4166.89,4610.33,4888.81,5629.91,10220.79,191.80,111.27,126.85,140.36,160.71,121.46,101.84,84.22,87.54,87.64,84.56,93.29,100.36,100.00,106.82,108.74,112.70,104.33,108.92,110.92,114.71,129.56,109.94,109.29,113.43,119.52,127.68,98.85,107.92
REER_65_ST,ST,Sao Tome and Principe,Middle Africa,,,,,,,,,,,,,,,,,,,,,348.60,362.51,351.70,382.73,391.37,383.56,418.13,324.36,275.53,270.12,285.74,282.22,216.70,215.66,186.47,118.87,108.56,95.01,91.23,98.18,104.75,104.30,105.52,96.32,93.34,99.64,100.47,100.00,113.29,126.47,125.14,139.72,146.95,160.58,171.16,172.79,183.12,192.36,207.64,218.12,240.80,255.74,267.53
REER_65_SV,SV,El Salvador,Central America,51.70,50.17,49.49,49.29,49.30,48.35,46.47,46.02,45.84,43.90,42.97,41.51,39.61,37.66,38.82,42.00,42.94,44.76,45.69,46.67,48.27,53.65,59.85,66.53,72.79,86.72,56.56,64.84,72.88,82.71,73.55,68.26,69.09,78.06,83.20,87.54,94.03,98.28,101.85,101.01,102.95,105.78,105.35,101.43,100.44,100.40,100.86,100.00,100.71,104.02,101.67,100.90,102.06,101.27,101.68,106.36,106.77,104.98,103.19,103.11,101.81,100.32,104.20
REER_65_SY,SY,Syrian Arab Republic,Western Asia,206.67,215.07,195.92,186.11,194.24,178.17,180.21,185.88,186.76,176.01,176.64,178.94,164.78,169.46,174.73,175.33,183.11,182.30,165.70,154.02,165.50,202.21,239.44,257.10,289.69,338.13,383.26,574.05,242.30,276.36,272.14,289.80,168.89,153.47,172.21,169.43,183.02,124.42,122.64,113.47,114.34,122.62,115.36,97.39,92.75,92.66,100.38,100.00,115.89,124.45,126.45,118.82,124.73,138.88,130.92,132.74,101.63,110.26,121.21,,,,
REER_65_SZ,SZ,Eswatini,Southern Africa,,,,,,110.67,110.57,108.94,110.40,109.79,107.02,103.92,95.15,99.47,106.04,101.92,93.37,102.46,98.92,103.48,112.91,118.92,112.25,117.20,109.73,99.97,96.11,101.18,104.49,96.62,97.64,93.96,91.36,92.47,94.91,97.53,91.66,93.92,91.56,88.93,90.76,86.04,81.91,95.40,101.98,103.81,101.42,100.00,95.96,100.46,108.71,109.19,109.41,102.99,99.51,98.92,96.57,103.67,104.99,101.87,96.76,100.89,97.56
REER_65_TD,TD,Chad,Middle Africa,,,,,,,,,,197.84,195.78,198.41,201.62,207.18,192.60,216.40,197.54,192.71,201.96,203.67,196.72,170.33,154.31,146.42,157.06,157.98,149.81,148.79,163.83,144.20,150.35,147.94,142.49,122.25,85.67,92.08,99.09,97.21,101.57,89.69,85.35,93.68,99.20,102.33,98.50,99.90,107.09,100.00,107.93,116.81,108.29,108.87,110.79,112.05,113.26,110.69,108.57,106.80,111.40,106.52,111.48,108.64,102.31
REER_65_TG,TG,Togo,Western Africa,,,,,,,158.45,150.70,146.36,142.80,135.72,138.66,147.62,146.07,134.14,155.89,153.61,165.00,155.95,157.13,157.97,153.16,146.88,142.15,123.89,118.68,134.03,136.68,128.89,119.80,126.07,119.27,121.55,117.48,80.05,93.10,94.79,93.96,99.13,94.32,88.07,92.12,95.43,98.55,99.81,101.29,99.48,100.00,107.02,109.99,102.27,103.09,100.23,103.90,104.08,99.87,100.80,99.83,101.28,98.79,100.94,103.30,99.59
REER_65_TH,TH,Thailand,South-eastern Asia,150.98,162.85,167.70,162.21,158.61,152.79,154.53,156.03,154.14,151.62,144.45,141.97,134.34,133.64,143.87,137.96,137.82,134.37,125.19,125.11,134.71,137.47,140.47,144.87,142.13,126.27,114.07,107.25,104.53,107.24,106.16,106.75,104.97,107.05,107.58,106.99,113.39,101.78,89.49,93.50,90.20,86.08,88.32,85.49,84.81,86.28,93.93,100.00,101.19,98.75,105.44,105.38,106.67,113.61,110.48,114.05,109.03,112.58,115.77,121.97,118.53,112.84,112.84
REER_65_TJ,TJ,Tajikistan,Central Asia,,,,,,,,,,,,,,,,,,,,,,,,,,,,,,,0.50,0.38,3.19,24.78,45.78,58.89,124.31,128.53,137.72,107.62,88.55,109.61,109.14,101.49,102.52,100.52,100.58,100.00,112.35,102.96,100.08,98.73,102.63,106.67,110.55,104.58,87.58,84.08,78.56,81.79,79.89,73.80,81.98
REER_65_TM,TM,Turkmenistan,Central Asia,,,,,,,,,,,,,,,,,,,,,,,,,,,,,,,103.12,102.15,18.11,39.52,72.37,88.94,87.92,131.85,130.63,147.04,144.78,142.17,132.71,104.53,93.05,100.24,103.26,100.00,77.69,77.65,77.64,77.51,81.84,87.84,95.44,93.26,96.54,104.29,117.46,123.23,131.07,143.83,171.23
REER_65_TN,TN,Tunisia,Northern Africa,,,,,,,,,,230.33,224.08,224.44,220.69,220.25,200.89,205.01,204.52,198.20,183.70,175.62,172.17,168.23,166.92,162.39,161.84,160.66,139.42,122.80,120.56,118.13,116.09,116.80,119.58,119.42,121.09,124.28,123.87,123.28,125.03,125.31,122.56,120.89,119.30,113.64,109.60,104.37,102.78,100.00,99.94,99.02,98.26,95.83,94.01,92.27,92.20,96.96,92.15,83.92,78.06,77.53,83.86,83.98,84.64
REER_65_TO,TO,Tonga,Polynesia,,,,,,,,,,,,,,,,78.58,77.31,75.09,73.01,67.46,74.78,85.40,85.39,84.74,92.36,78.26,82.77,79.86,88.75,93.16,88.89,96.99,99.31,99.74,102.08,96.56,100.17,102.77,98.28,93.72,94.92,87.55,88.10,85.56,93.65,99.73,101.74,100.00,105.79,111.91,112.34,119.53,123.79,121.33,119.32,119.03,112.16,117.70,121.23,124.98,124.00,118.65,128.95
REER_65_TR,TR,Turkey,Western Asia,132.40,130.49,130.88,130.27,128.63,130.76,131.80,137.13,136.27,141.84,114.34,94.69,99.24,97.19,101.73,102.99,107.41,110.41,102.70,111.26,85.05,82.19,72.11,74.29,67.88,71.23,59.06,53.99,53.10,58.56,66.73,67.52,65.02,72.39,52.81,58.78,59.40,63.39,69.60,71.81,80.19,64.03,72.49,78.91,82.06,91.62,91.62,100.00,102.54,95.82,106.83,94.74,99.05,98.02,92.32,90.94,88.91,79.88,66.84,67.09,59.79,53.21,50.37
REER_65_TT,TT,Trinidad and Tobago,Caribbean,85.74,86.09,87.23,88.72,87.68,86.91,87.79,86.09,78.89,77.20,74.95,75.07,78.82,80.07,82.47,82.62,78.26,82.97,82.61,84.50,87.06,94.39,105.21,119.93,134.57,140.44,95.32,97.73,92.30,89.83,92.07,91.45,93.16,81.09,78.87,80.14,80.05,79.71,84.22,85.45,88.33,93.77,95.45,92.79,91.15,93.43,97.82,100.00,106.86,117.04,124.36,123.39,133.86,139.17,147.11,164.12,162.66,159.34,156.32,157.92,157.98,152.10,154.48
REER_65_TW,TW,Taiwan,South-eastern Asia,107.74,106.37,107.29,105.89,104.72,100.70,99.39,99.32,103.90,104.59,103.17,103.56,96.74,94.30,121.81,116.64,114.10,110.79,103.69,106.71,115.37,125.66,124.00,121.77,123.06,121.67,111.44,120.71,125.33,140.01,133.49,131.47,138.24,132.95,131.35,127.17,128.42,130.20,121.28,119.69,125.77,120.42,115.47,106.32,104.23,107.65,104.49,100.00,100.55,96.36,97.22,98.62,100.17,103.12,102.99,106.73,105.17,110.89,109.74,107.87,111.32,115.36,114.68
REER_65_TZ,TZ,"Tanzania, United Republic of",Eastern Africa,,,,,,155.47,167.96,184.11,209.88,236.18,233.01,233.47,230.20,219.70,225.38,248.67,233.12,236.78,234.08,221.16,252.96,318.44,381.12,404.68,418.97,507.08,303.67,174.63,138.67,122.26,110.44,119.50,100.57,98.00,101.89,105.58,128.84,146.72,159.87,152.93,157.54,158.13,147.60,122.98,110.71,107.06,100.76,100.00,108.71,113.20,107.00,100.42,117.26,127.17,131.23,127.95,124.33,123.18,120.98,125.81,129.53,125.74,134.52
REER_65_UA,UA,Ukraine,Eastern Europe,,,,,,,,,,,,,,,,,,,,,,,,,,,,,55.38,57.32,302.32,214.47,19.13,52.60,70.34,67.63,97.36,117.83,102.31,73.96,75.90,88.69,87.32,80.26,80.13,90.65,96.97,100.00,111.19,91.01,95.27,95.58,97.75,95.88,72.48,66.14,64.87,70.08,73.29,84.60,82.23,83.99,87.25
REER_65_UG,UG,Uganda,Eastern Africa,,,,,,,,,,3.98,6.65,11.12,17.81,27.21,40.82,61.37,96.40,150.87,205.85,370.95,653.40,199.26,219.26,335.42,173.34,189.35,189.67,172.21,174.31,194.47,133.40,92.43,80.20,105.90,125.94,124.58,126.17,134.06,127.53,115.94,110.16,108.27,103.37,89.63,92.10,96.49,96.78,100.00,104.92,103.15,95.58,91.70,104.85,107.33,110.81,101.62,101.89,98.62,93.98,97.20,98.80,98.98,105.08
REER_65_US,US,United States,Northern America,117.60,119.84,120.04,117.95,117.59,114.99,114.37,113.95,116.13,117.74,118.48,118.83,111.08,101.47,96.52,95.47,97.82,98.09,92.04,91.84,92.29,98.72,111.89,115.82,120.65,125.70,114.57,105.81,98.44,100.32,96.54,94.59,91.97,94.82,94.64,95.16,97.45,102.91,111.30,108.99,113.43,120.02,119.54,111.11,105.71,104.23,103.94,100.00,97.31,102.11,97.43,93.02,96.11,98.35,101.36,115.21,118.65,118.32,117.09,120.33,122.03,120.01,132.62
REER_65_UY,UY,Uruguay,South America,70.07,87.27,94.54,88.92,106.56,90.33,81.20,81.14,79.71,86.07,95.48,110.62,78.20,76.29,84.93,93.94,86.51,92.37,86.17,90.26,106.68,123.98,143.40,84.95,80.16,79.50,84.30,84.45,79.38,89.77,78.39,82.57,84.96,98.99,107.86,114.91,116.30,121.79,125.03,121.21,122.72,118.12,101.02,80.08,80.09,93.30,97.05,100.00,112.91,118.59,137.59,144.93,150.86,163.72,163.89,163.99,169.81,180.97,186.16,181.81,167.75,163.11,179.78
REER_65_UZ,UZ,Uzbekistan,Central Asia,,,,,,,,,,,,,,,,,,,,,,,,,,,,,,,3062.01,2338.83,149.35,194.94,299.60,367.36,414.85,476.86,436.87,409.19,274.42,202.13,142.60,113.73,106.49,102.27,101.12,100.00,103.32,109.56,108.60,105.25,107.79,107.38,106.96,115.23,108.93,70.28,50.73,53.65,52.26,51.54,55.55
REER_65_VC,VC,Saint Vincent and the Grenadines,Caribbean,,,,,,,,,,148.05,151.28,155.78,152.97,137.03,123.21,110.07,99.33,96.45,90.65,91.54,95.19,114.35,126.46,135.64,142.03,143.72,123.29,110.70,103.38,105.39,99.59,102.07,99.57,108.94,105.80,99.22,103.35,110.69,116.61,116.50,122.92,127.29,123.05,108.01,101.91,101.57,101.27,100.00,102.37,106.86,105.14,101.05,105.52,104.97,105.08,116.22,116.36,116.08,114.07,117.86,116.03,111.42,120.94
REER_65_VE,VE,Venezuela,South America,188.88,182.31,180.40,179.09,136.38,134.10,133.51,130.51,129.71,127.60,124.77,123.41,120.66,111.41,106.64,108.28,111.63,110.58,105.85,105.06,112.37,124.82,138.94,147.96,101.27,106.10,102.34,67.37,81.75,61.29,58.57,61.75,64.00,66.22,62.64,79.33,65.76,85.09,105.42,117.29,123.21,130.22,98.11,87.26,84.34,84.01,90.08,100.00,123.22,160.18,163.83,117.38,141.43,140.02,219.04,531.44,1288.22,6242.42,78.21,60.26,62.84,98.95,145.57
REER_65_VN,VN,Vietnam,South-eastern Asia,,,,,,,,,,,,,,,,,,,,,37.65,31.36,37.79,52.11,74.60,134.53,396.59,466.22,261.84,68.72,59.06,66.12,76.36,87.07,87.87,93.91,101.09,106.04,110.35,104.33,103.31,104.12,101.78,93.16,91.48,95.30,98.98,100.00,113.16,118.81,113.85,112.99,122.66,132.29,137.24,150.44,151.26,150.40,148.32,151.73,153.60,150.13,163.05
REER_65_VU,VU,Vanuatu?,Melanesia,,,,,,,,,,97.41,91.15,94.52,109.65,115.89,106.95,117.92,102.12,93.64,91.30,94.35,96.11,92.05,93.61,91.64,98.20,94.02,80.61,79.09,82.27,80.60,78.82,84.49,82.24,77.79,77.90,76.09,79.77,84.44,87.09,82.32,80.64,84.23,87.83,91.96,93.83,94.69,94.66,100.00,97.30,96.60,102.31,102.34,101.23,106.52,106.73,109.25,107.21,109.26,106.76,106.22,109.81,114.17,119.31
REER_65_WS,WS,Western Samoa,Polynesia,,136.29,137.33,135.42,139.91,137.50,137.61,132.55,132.90,132.98,129.89,129.87,134.73,137.36,150.50,146.59,116.98,126.47,120.92,110.30,117.88,118.65,121.46,111.01,103.60,98.94,91.49,94.64,88.24,87.67,87.86,80.13,84.61,83.38,88.48,82.16,84.52,90.58,91.96,86.81,82.33,83.01,87.40,90.16,93.89,99.08,98.23,100.00,99.91,114.86,113.48,113.03,120.06,122.14,121.42,126.68,125.31,123.84,125.00,127.72,127.97,120.08,126.37
REER_65_YE,YE,Yemen,Western Asia,,,,,,,,,,,,,,,,,,,,,,,,,,,,,,,62.05,88.16,126.28,212.17,353.86,155.95,93.42,75.39,85.74,77.98,86.66,96.94,100.82,94.58,97.11,98.62,102.10,100.00,110.58,117.16,114.91,131.60,146.43,161.81,175.90,238.62,236.96,232.63,200.90,211.78,199.89,199.16,274.19
REER_65_ZA,ZA,South Africa,Southern Africa,184.47,186.09,183.81,180.64,181.01,181.10,181.76,183.48,184.83,183.34,180.58,180.69,161.40,167.72,168.06,155.52,143.55,145.15,139.87,144.25,157.13,164.20,154.94,173.02,149.58,115.40,111.22,127.74,119.93,119.02,122.74,127.80,133.02,131.87,126.55,124.10,112.43,120.08,110.86,104.45,101.49,88.48,75.97,99.26,108.10,110.05,105.03,100.00,88.72,96.83,114.06,112.17,106.54,94.89,89.21,88.55,82.19,93.48,94.56,91.85,82.08,90.25,88.76
REER_65_ZM,ZM,Zambia,Eastern Africa,,,,,,,,,,153.45,150.06,150.31,148.15,146.10,140.76,142.50,157.05,151.17,152.15,146.68,140.88,140.08,161.05,141.67,125.68,111.28,55.74,53.92,86.25,110.51,85.93,71.06,61.45,63.37,60.87,57.44,58.95,67.32,61.89,60.44,60.98,68.51,69.86,63.64,66.02,80.52,107.18,100.00,117.93,101.04,105.75,105.68,109.97,115.90,111.35,97.64,100.15,108.39,101.52,92.52,77.17,78.67,107.35
