Country,United Arab Emirates,Afghanistan,Antigua and Barbuda,Albania,Armenia,Curacao,Angola,Argentina,Austria,Australia,Azerbaijan,Bosnia/Herzegovina,Barbados,Bangladesh,Belgium,Burkina Faso,Bulgaria,Bahrain,Burundi,Benin,Brunei Darussalam,Bolivia,Brazil,Bahamas,Bhutan,Botswana,Belarus,Belize,Canada,"Congo, Dem. Rep.",Central African Republic,"Congo, Rep.",Switzerland,Ivory Coast,Chile,Cameroon,China,Colombia,Costa Rica,Cape Verde,Cyprus,Czech Republic,Germany,Djibouti,Denmark,Dominica,Dominican Republic,Algeria,Euro area?,Ecuador,Estonia,Egypt,Eritrea?,Spain,Ethiopia,Finland,Fiji,France,Gabon,United Kingdom,Grenada,Georgia,Ghana,Gambia,Guinea,Equatorial Guinea,Greece,Guatemala,Guinea Bissau,Guyana,"Hong Kong, China",Honduras,Croatia,Haiti,Hungary,Indonesia,Ireland,Israel,India,Iraq,Iran,Iceland,Italy,Jamaica,Jordan,Japan,Kenya,Kyrgyzstan,Cambodia,Comoros,Saint Kitts and Nevis,Korea South,Kuwait,Kazakhstan,Lao,Lebanon,Saint Lucia,Sri Lanka,Liberia,Lesotho,Lithuania,Luxembourg,Latvia,Libya,Morocco,Moldova,Madagascar,North Macedonia,Mali,Mongolia,Mauritania,Malta,Mauritius,Maldives,Malawi,Mexico,Malaysia,Mozambique,Namibia,Niger,Nigeria,Nicaragua,Netherlands,Norway,Nepal,New Zealand,Oman,Panama,Peru,Papua New Guinea,Philippines,Pakistan,Poland,Portugal,Paraguay,Qatar,Romania,Russia,Rwanda,Saudi Arabia,Solomon Islands,Seychelles,Sudan,Sweden,Singapore,Slovenia,Slovakia,Sierra Leone,Senegal,Serbia,Suriname,Sao Tome and Principe,El Salvador,Syrian Arab Republic,Eswatini,Chad,Togo,Thailand,Tajikistan,Turkmenistan,Tunisia,Tonga,Turkey,Trinidad and Tobago,Taiwan,"Tanzania, United Republic of",Ukraine,Uganda,United States,Uruguay,Uzbekistan,Saint Vincent and the Grenadines,Venezuela,Vietnam,Vanuatu?,Western Samoa,Yemen,South Africa,Zambia
Region,Western Asia,Southern Asia,Caribbean,Southern Europe,Western Asia,Caribbean,Middle Africa,South America,Western Europe,Australia and New Zealand,Western Asia,Southern Europe,Caribbean,Southern Asia,Western Europe,Western Africa,Eastern Europe,Western Asia,Eastern Africa,Western Africa,South-eastern Asia,South America,South America,Caribbean,Southern Asia,Southern Africa,Eastern Europe,Central America,Northern America,Middle Africa,Middle Africa,Middle Africa,Western Europe,Western Africa,South America,Middle Africa,Eastern Asia,South America,Central America,Western Africa,Western Asia,Eastern Europe,Western Europe,Eastern Africa,Northern Europe,Caribbean,Caribbean,Northern Africa,Western Europe,South America,Northern Europe,Northern Africa,Eastern Africa,Southern Europe,Eastern Africa,Northern Europe,Melanesia,Western Europe,Middle Africa,Northern Europe,Caribbean,Western Asia,Western Africa,Western Africa,Western Africa,Middle Africa,Southern Europe,Central America,Western Africa,South America,Eastern Asia,Central America,Southern Europe,Caribbean,Eastern Europe,South-eastern Asia,Northern Europe,Western Asia,Southern Asia,Western Asia,Southern Asia,Northern Europe,Southern Europe,Caribbean,Western Asia,Eastern Asia,Eastern Africa,Central Asia,South-eastern Asia,Eastern Africa,Caribbean,Eastern Asia,Western Asia,Central Asia,South-eastern Asia,Western Asia,Caribbean,Southern Asia,Western Africa,Southern Africa,Northern Europe,Western Europe,Northern Europe,Northern Africa,Northern Africa,Eastern Europe,Eastern Africa,Southern Europe,Western Africa,Eastern Asia,Western Africa,Southern Europe,Eastern Africa,Southern Asia,Eastern Africa,Central America,South-eastern Asia,Eastern Africa,Southern Africa,Western Africa,Western Africa,Central America,Western Europe,Northern Europe,Southern Asia,Australia and New Zealand,Western Asia,Central America,South America,Melanesia,South-eastern Asia,Southern Asia,Eastern Europe,Southern Europe,South America,Western Asia,Eastern Europe,Eastern Europe,Eastern Africa,Western Asia,Melanesia,Eastern Africa,Northern Africa,Northern Europe,South-eastern Asia,Southern Europe,Eastern Europe,Western Africa,Western Africa,Southern Europe,South America,Middle Africa,Central America,Western Asia,Southern Africa,Middle Africa,Western Africa,South-eastern Asia,Central Asia,Central Asia,Northern Africa,Polynesia,Western Asia,Caribbean,South-eastern Asia,Eastern Africa,Eastern Europe,Eastern Africa,Northern America,South America,Central Asia,Caribbean,South America,South-eastern Asia,Melanesia,Polynesia,Western Asia,Southern Africa,Eastern Africa
1960,,,,,,119.2,,155.83,77.13,96.85,,,,,94.08,216.03,,,,,,222.18,75.43,,,,,,116.27,,,,65.21,103.86,484.63,,468.07,159.68,248.59,,166.34,85.03,82.61,,69.36,,138.45,,,177.5,,244.95,,57.72,,106.79,,102.76,,93.01,,,,,,,95.95,115.55,,,,136.76,,62.92,73.89,339.91,77.55,190.94,247.65,,236.86,100.86,95.05,101.6,,50.96,95.59,,,,,209.73,,,,,,350.79,,,,104.03,,,162.46,,,,,,,168.2,,,,95.56,208.52,,,,142.89,,70.76,75.9,,89.07,,250.69,31.76,,267.21,343.11,95.66,71.68,154.35,,,,,,,,104.67,118.3,112.39,,75.11,,,,1931.87,,51.7,206.67,,,,150.98,,,,,132.4,85.74,107.74,,,,117.6,70.07,,,188.88,,,,,184.47,
1961,,,,,,118.37,,158.96,77.32,99.44,,,,,92.53,248.73,,,,,,234.66,67.86,,,,,,111.35,,,,64.62,113.8,520.83,,553.31,170.38,239.18,,163.49,81.61,87.03,,70.09,,132.26,,,165.73,,245.15,,57.53,,106.59,,102.86,,94.65,,,,308.27,,,96.85,115.92,,,,138.41,,65.15,72.21,332.54,78.2,202.14,251.32,,250.04,93.48,95.35,107.42,,55.27,96.5,,,,,111.76,,,,,,355.56,,,,101.58,,,162.17,,,,,,,170.88,,,,96.61,208.51,,,,151.47,,73.07,76.61,,89.65,,259.3,34.15,,273.32,351.14,93.64,71.02,176.25,,,,,,,,113.92,118.17,113.84,,72.11,,,,1933.15,,50.17,215.07,,,,162.85,,,,,130.49,86.09,106.37,,,,119.84,87.27,,,182.31,,,136.29,,186.09,
1962,,,,,,116.63,,159.35,77.93,97.05,,,,,91.26,246.09,,,,,,241.6,82.51,,,,,,105.15,,,,65.41,109.24,575.97,,559.97,169.89,217.61,,161.37,79.49,88.62,,72.81,,142.47,,,152.51,,199.74,,58.81,,107.97,,105.04,173.86,95.83,,,,306.22,,,93.94,116.73,,,,138.12,,63.97,70.13,272.93,79.34,134.14,256.18,,243.98,93.33,96.11,107.09,,58.66,97.35,,,,,114.17,,,,,,354.28,,,,98.96,,,164.35,,,,,,,166.89,,,,96.51,205.58,,,,155.54,,73.25,77.84,,89.82,,254.48,35.49,,152.59,341.18,92.56,70.2,173.91,,,,,,,,114.67,119.82,113.23,,70.2,,,,1928.06,,49.49,195.92,,,,167.7,,,,,130.88,87.23,107.29,,,,120.04,94.54,,,180.4,,,137.33,,183.81,
1963,,,,,,115.26,,120.95,77.29,94.47,,,,,90,250.68,,,,,,240.29,94.4,,,,,,104.05,643.28,,,65.37,106.48,533.12,,508.56,160.63,219.18,,159.07,123.69,88.03,,74.82,,151.7,,,158.82,,180.78,,61.84,,109.56,,106.4,179.37,94.53,,,,311.21,,,93.21,114.34,,,,139.75,,65.31,67.39,274.13,78.83,134.48,256.16,,235.52,101.87,100.16,106.5,,61.65,95.11,,,,,117.94,,,,,,352.48,,,,98.08,,,166.79,,,,,,,164.55,144.8,,,95.36,205.57,,,169.8,146.52,,73.19,77.14,,89.05,,245.48,36.95,,148.59,335.93,89.99,68.57,179.54,,,,,164.46,,,117.09,119.16,112.04,,108.99,,,,1912.7,,49.29,186.11,,,,162.21,,,,,130.27,88.72,105.89,,,,117.95,88.92,,,179.09,,,135.42,,180.64,
1964,,,,,,113.23,,141.91,77.99,95.37,,,,,90.72,248.89,,,,,,253.55,80.96,,,,,,104.33,387.3,,,65.45,103.99,531.45,,487.84,183.9,222.44,,155.22,120.01,87.31,,74.76,105.68,152.33,,,158.95,,183.37,,64.14,,117.7,,106.38,180,94.97,,,203.41,288.65,,,91.77,112.55,,,,143.7,,70.09,65.72,266.24,82.05,138.36,285.5,,242.7,118.2,103.14,106.56,,64.15,92.15,,,,,84.1,,,,,,357.99,,,,98.07,,353,167.48,,220.78,,,,,164.94,143.25,,,96.24,202.27,,,166.71,144.51,,75.26,79.36,187.99,90.29,,250.34,39.61,,159.83,345.66,88.45,68.37,173.51,,,,,166.53,,,118.93,119.28,113.19,,105.54,,,,1942.18,,49.3,194.24,,,,158.61,,,,,128.63,87.68,104.72,,,,117.59,106.56,,,136.38,,,139.91,,181.01,
1965,,,,,,111.31,,146.51,78.74,95.4,,,,,90.5,237.39,,,205.46,,,251.61,78.09,,,,,,104.35,361.65,,,65.1,102.57,481.01,,464.13,164.33,214.97,,148.71,114.86,86.38,,75.65,,145.28,,,160.17,,202.25,,70,187.85,118.43,,104.44,177.9,95.69,,,246.77,279.55,,,90.46,108.61,,,,144.74,,69.66,63.68,320.19,82.95,143.92,301.21,,236.9,121.69,103.31,106.22,,66.34,91.25,,,,,84.61,,,,,100.67,345.86,,,,97.4,,375.64,165.52,,221.63,,,,,162.16,140.01,,,97.41,195.05,,,166.98,143.67,,76.51,79.3,194.33,89.83,,241.42,44.79,,158.43,351.38,85.76,67.08,173.82,,,,,160.06,,,109.93,120.24,109.16,,100.95,,,,1905.37,,48.35,178.17,110.67,,,152.79,,,,,130.76,86.91,100.7,155.47,,,114.99,90.33,,,134.1,,,137.5,,181.1,
1966,,,,,,109.39,,152.54,77.71,95.58,,,58.67,,91.4,235.28,,106.16,202.13,,,260.46,89.99,109.38,,,,,105.07,405.3,,,65.96,103.94,468.11,,442.59,143.94,208.93,,143.64,111.52,86.41,,78.08,103.67,141,,,166.01,,214.38,,71.94,182.5,118.67,,103.3,178.56,96.16,,,271.49,274.52,,,91.54,106.33,,,,143.28,,73.42,62.25,201.25,82.48,150.49,241.96,,228.8,129.78,102.96,105.02,,67.86,93.98,,,,,92.03,,,,,99.91,338.38,,,,97.22,,407.03,159.39,,223.93,,,,,157.89,140.69,,,98.45,191.6,,,180.44,155.14,,78.27,78.57,228.54,89.51,,234.84,47.38,,161.93,365.65,83.71,67.8,172.85,,,,134.67,158.48,,,109.61,123.46,109.12,,98.08,,,,1934.39,,46.47,180.21,110.57,,158.45,154.53,,,,,131.8,87.79,99.39,167.96,,,114.37,81.2,,,133.51,,,137.61,,181.76,
1967,,,,,,107.69,,120.75,78.81,95.58,,,58.58,,91.8,218.74,,107.67,195,,,290.86,96.54,111.04,,,,,105.71,256.94,,,66.9,103.59,412.8,,425.06,141.79,205.8,,139.18,111.02,85.28,,81.73,99,138.95,,,168.89,,210.03,,72.61,179.33,112.93,,103.47,176.92,94.43,,,200.65,264.63,,,90.63,103.98,,,,142.47,,69.27,60.92,203.63,81.78,144.86,225.36,,225.08,126.67,103.43,103.97,,68.26,93.41,,,,,99.15,,,,,98.09,329.62,,,,96.79,,424.18,154.23,,219.51,,,,,152.3,138.01,,,98.65,194.03,,,176.59,145.68,,78.92,79.65,208.37,90.34,,229.89,45.21,,166.35,379.19,82.8,69.64,176.27,,,,116.69,156.94,,,118.82,125.39,108.98,,97.6,,156.84,,2084.14,,46.02,185.88,108.94,,150.7,156.03,,,,,137.13,86.09,99.32,184.11,,,113.95,81.14,,,130.51,,,132.55,,183.48,
1968,,,,,,106.43,,131.36,79.91,96.53,,,54.61,,93.52,210.58,,108.82,202.71,,,300.87,93.1,112.17,,,,,106.53,267.75,,,67.64,106.3,375.57,130.9,411.24,132.42,209.01,,126.19,111.15,85.63,,81.17,91.56,135.08,,,173.97,,203.19,,65.96,176.59,100,,107.78,175.42,84.48,,,180.29,239.71,,,90.38,103.03,,,,140.6,,68,59.89,228.98,74.11,127.56,228.06,,221.89,100.24,104.36,93.45,,69.91,92.76,,,,,104.41,,,,,89.46,278.58,,,,98.03,,421.26,153.45,,215.37,,,,,132.64,126.45,,,97.41,187.93,,,166.11,142.73,,81.24,81.94,163.03,75.54,,225.91,41.19,,164.72,371.46,83.14,74.12,171.52,,,,118.48,155.9,,,105.51,127.05,106.39,,97.48,,152.05,,2043.61,,45.84,186.76,110.4,,146.36,154.14,,,,,136.27,78.89,103.9,209.88,,,116.13,79.71,,,129.71,,,132.9,,184.83,
1969,,,113.3,,,103.87,24.2,135.6,79.54,95.28,,,55.3,,93.62,214.11,,104.38,204.26,293.99,,293.79,89.69,116.58,221.38,114.29,,77.46,106.17,273.88,,279.3,66.86,102.38,375.28,119.6,397.01,127.55,205.31,134.93,124.48,111.64,85.25,56.47,80.96,91.17,130.2,317.59,,178,,202.35,,65.05,172.88,98.45,115.19,104.49,167.33,85.75,,,186.2,242.78,456.54,27.87,89.33,101.02,139.46,228.55,98.2,136.2,,65.92,58.58,230.9,76.44,125.28,220.31,,221.3,83.12,102.57,95.01,113.37,70.55,89.1,,,98.63,,108.14,,,,52.06,87.62,287.32,,,,97.03,,446.38,153.44,,206.09,,119.2,,190.86,131.1,125.3,114.88,206.8,95.89,179.59,,120.24,169.44,151.43,285.15,84.22,81.32,164.57,76.2,,220.46,41.96,,160.67,367.72,81.45,77.07,167.18,,330.27,,115.05,154.78,,,114.39,125.62,101.81,,98.04,166.16,146.61,,2172.36,,43.9,176.01,109.79,197.84,142.8,151.62,,,230.33,,141.84,77.2,104.59,236.18,,3.98,117.74,86.07,,148.05,127.6,,97.41,132.98,,183.34,153.45
1970,,,114.67,,,102.65,24.78,135.09,77.8,94.01,,,56.17,,92.49,197.94,,100.95,195.74,283.99,,291.25,92.32,119,223.61,114.08,,89.3,107.05,282.61,,257.5,65.4,100.48,361.18,115,375.89,122.26,204.41,134.99,121.4,115.78,91.26,56.49,81.28,96.6,127.99,328.41,,153.84,,200.17,,65.72,181.46,95.61,114.74,97.51,158.76,86.66,,,182.85,226.85,457.08,25.33,87.55,98.3,139.58,224.5,100.24,133.05,,63.63,55.76,221.85,78.41,126.5,220.38,,214.12,88.7,102.19,103.51,114.34,72.71,86.66,,,94.52,,110.91,,,,49.58,94.28,289.18,,,,96.57,,404.52,149.7,,191.6,,123.83,,188.89,129.84,122.13,113.77,216.28,95.42,174.71,,121.13,155.21,164.09,344.05,82.79,84.88,180.06,77.39,,215.72,42.01,,115.04,368.52,77.35,76.38,157.28,,315.9,,110.49,147.38,,81.83,113.9,127.25,97.88,,101.43,168.59,137.38,,2122.39,,42.97,176.64,107.02,195.78,135.72,144.45,,,224.08,,114.34,74.95,103.17,233.01,,6.65,118.48,95.48,,151.28,124.77,,91.15,129.89,,180.58,150.06
1971,,,118.43,,,101.97,25.03,144.47,79.01,97.14,,,58.17,109.76,92.38,195.22,,102.2,192.66,279.04,,286.12,91.02,119.79,226.14,113.57,,103.05,109.32,281.97,,257.29,69.4,95.31,380.88,114.22,366.62,121.09,202.17,134.85,122.13,109.89,94.83,57.59,81.35,96.98,126.99,322.67,,133.45,,196.64,,67.32,175.18,96.03,120.57,96.54,156.8,90.95,,,187.26,224.44,460.18,27.1,85.02,94.01,141.98,216.95,100.79,130.72,,67.01,53.23,208.58,81.56,112.31,217.57,,212.43,89.33,102.06,104.68,115.09,64.26,85.65,,,95.15,,109.89,,,,48.4,98.59,285.27,,,,96.71,,371.61,147.1,,192.73,,156.15,,194.02,129.32,117.52,115.16,223.25,96.36,173.33,,121.9,154.4,181.14,423.27,86.17,85.73,169.1,82.87,,217.69,42.9,136.15,125.52,369.29,73.96,77.65,155.68,,298.87,,106.27,148.6,171.67,90.46,110.29,129.74,97.27,,96.47,157.09,136.4,,2034.05,,41.51,178.94,103.92,198.41,138.66,141.97,,,224.44,,94.69,75.07,103.56,233.47,,11.12,118.83,110.62,,155.78,123.41,,94.52,129.87,,180.69,150.31
1972,,,122.75,,,103.68,26.99,190.97,80.23,98.36,,,61.71,149.97,96.57,183.58,,106.15,179.1,285.97,,245.65,84.7,119.45,219.72,108.78,,119.06,110.41,289.22,,280.66,71.24,93.26,358.67,119.94,366.31,115.69,197.13,131.53,123.95,98.18,98.49,59.62,82.29,94.07,129.57,325.02,,132.58,,181.23,,69.76,160.57,92.52,140.1,100.18,157.24,89.32,,,144.82,225.01,469,27.29,78.98,88.56,142.29,198.68,103.72,127.85,,64.57,52.38,189.75,81.95,116.27,207.3,,202.37,87.31,101.34,111.37,113.24,72.89,82.49,,,99.59,,98.3,151.62,,,48.14,101.01,278.01,,,,99.55,,358.95,148.64,,201.33,,151.78,,200.83,128.74,115.53,122.01,224.88,95.8,176.87,,115.21,167.05,183.63,502.83,90.74,87.87,169.02,84.12,,207.83,42.24,137.75,119.32,193.8,68.98,78.04,150.67,,287.89,,106.42,153.26,173.85,103.41,113.77,132.07,98.62,,86.18,154.89,140.93,,2003.23,,39.61,164.78,95.15,201.62,147.62,134.34,,,220.69,,99.24,78.82,96.74,230.2,,17.81,111.08,78.2,,152.97,120.66,,109.65,134.73,,161.4,148.15
1973,,,123.94,,,99.87,29.33,266.29,84.59,110.11,,,63.55,184.32,98.68,185.83,,115.04,175.28,291.31,,181.69,78.09,113.51,207.18,111.27,,174.48,107,280.67,,279.86,78.88,98.97,404.81,126.58,357.28,113.88,202.94,133.78,125.9,82.9,107.68,58.85,87.23,91.77,134.74,331.4,,130.54,,178.58,,72.3,163.9,94.39,134.93,103.42,160.08,81,,,167.38,239.82,477.17,30.13,78.57,90.19,134.14,186.83,116.43,121.59,,70.92,50.81,211.68,77.54,121.45,204.27,,207.1,87.41,94.01,99.57,117.52,79.8,78.62,,,103.92,,85.74,155.47,,,50.69,100.87,248.14,,120.83,,100.06,,365.31,146.15,,205.42,,171.75,,226.42,122.27,109.85,130.35,195.29,98.1,193,,122.31,178.46,164.99,567.16,95.37,91.74,156.37,86.86,,191.22,40.11,146,118.47,178.83,64.79,79.63,140.7,,72.53,,108.49,172.07,175.41,103.29,111.94,129.8,116.2,,72.79,137.76,149.43,,1956.03,,37.66,169.46,99.47,207.18,146.07,133.64,,,220.25,,97.19,80.07,94.3,219.7,,27.21,101.47,76.29,,137.03,111.41,,115.89,137.36,,167.72,146.1
1974,,,119.25,,,105.17,31.79,291.86,86.68,111.21,,,74.22,234.88,99.04,167.85,,127.67,182.11,271.67,,264.85,78.95,113.26,193.2,111.62,,176.02,107.8,321.5,,240.88,82.03,95.98,257.09,123.67,315.66,113.44,194.76,111.6,121.89,73.51,105.23,60.58,88.78,100.78,134.88,295.27,,142.3,,175.74,,75.69,158.11,99.1,131.9,96.19,151.14,79.38,,,176.77,228.69,443.96,29.35,87.71,92.13,144.28,183.08,117.72,121.34,,71.73,48.35,257.26,76.89,141.16,219.56,,211.07,100.19,89.18,111.43,124.28,78.45,79.83,,,102.31,,90.9,154.92,,,56.45,114.14,233.27,,121.98,,98.54,,354.73,144.69,,208.17,,157.75,,224.81,110.74,119.97,138.08,191.4,108.26,197.34,,125.2,151.71,169.27,563.51,96.4,92.84,159.54,86.81,,192.55,41.69,157.09,135.77,200.2,62.62,87.59,152.74,,61.88,,112.44,189.76,180.82,107.49,123.19,124.06,122.46,,64.79,132.47,144.08,,2010.08,,38.82,174.73,106.04,192.6,134.14,143.87,,,200.89,,101.73,82.47,121.81,225.38,,40.82,96.52,84.93,,123.21,106.64,,106.95,150.5,,168.06,140.76
1975,,,109.74,,,108.94,35.69,103.2,88.83,106.2,,,81.57,167.23,103.84,192.67,,132.88,185.05,174.69,,294.13,85.09,113.02,176.86,107.04,,182.29,104.63,362.73,,280.68,89.27,104.83,139.14,136.45,304.56,107.91,191.86,134.21,112.3,65.28,102.28,59.02,90.75,102.22,140.79,293.13,,153.01,,171.89,,77.54,150.16,105.7,136.41,106.66,186.34,82.45,,,203.41,241.77,406.18,33.31,81.78,94.39,154.92,167.65,111.57,119.49,,76.18,46.98,279.81,77.57,123.63,201.82,,211.59,86.62,91.27,118.84,126.15,78.7,82.85,,,129.04,,86.6,151.9,,,60.08,114.36,213.04,,117.02,,100.02,,340.81,145.28,,219.84,,161.44,,244.41,107.07,114.78,85.35,198.06,114.28,189.35,,116.88,162.77,207.32,550.63,99.43,96.65,151.92,77.84,,184.63,46.79,146.67,123.89,218.51,56.58,91.2,171.58,,54.28,,130.47,230.96,168.25,108.39,137.02,128.08,117.59,,57.45,131.97,185.49,,1968.42,,42,175.33,101.92,216.4,155.89,137.96,,,205.01,78.58,102.99,82.62,116.64,248.67,,61.37,95.47,93.94,,110.07,108.28,,117.92,146.59,,155.52,142.5
1976,,,102.45,,,110.36,54.91,142.3,91.27,108.94,,,83.91,125.95,107.23,155.98,,158.28,178.25,167.3,,286.55,86.32,112.68,178.37,105.57,,138,110.95,403.96,,267.9,92.59,104.29,155.48,132.96,278.5,110.89,190.54,121.73,103.9,72.57,102.71,69.3,92.01,90.39,144.94,301.22,,161.81,,186.12,,77.81,191.37,112.71,134.17,102.87,199.49,76.39,73.75,,313.55,226.52,407.61,33.44,80.48,100.32,133.26,163.6,113.3,119.5,,78.02,51.43,322.93,73.34,126.25,169.06,,221.34,94.16,81.57,124.88,132.19,83.09,80.08,,,128.14,,95.84,154.35,,,61.27,100.98,175.19,,105.82,,104.03,,358.94,144.68,,204.67,,155.71,,242.75,96.2,116.83,75.52,196.48,101.72,176.11,,111.57,176.84,250.14,540.3,102.43,98.41,131.58,72.37,,181.14,42.98,145.71,126.01,226.85,58.35,90.37,165.96,,54.76,,130.49,293.34,158.33,99.84,136.19,131.74,106.33,,64.03,124.82,167.96,,2078.56,,42.94,183.11,93.37,197.54,153.61,137.82,,,204.52,77.31,107.41,78.26,114.1,233.12,,96.4,97.82,86.51,,99.33,111.63,,102.12,116.98,,143.55,157.05
1977,,,102.05,,,108.36,82.59,123.71,94.53,100.8,,,83.37,126.15,112.47,176.34,,170.24,163.78,162.76,100.5,289.65,87.25,106.92,165.67,111.41,,160.2,103.57,565.24,,272.77,88.31,117.67,168.54,135.25,271.17,130.1,183.89,113.54,101.04,76,105.26,82.27,93.32,87.08,152.23,309.15,,165.85,,190.75,,77.84,201.3,110.46,130.37,99.78,203.03,78.26,77.58,,612.95,222.99,391.48,33.59,80.87,105.15,114.03,162.09,115.13,120.68,,77.15,48.96,325.6,73.55,117.99,171.33,,253.23,102.04,82.13,128.13,138.59,92.06,84.19,,,126.08,,95.96,156.25,,,61.81,97.48,154.07,,115.55,,108.37,,344.86,145.85,,188.37,,167.96,,230.52,97.73,117.78,65.89,186.93,83.47,174.22,,111.34,193.05,253.26,558.62,106.57,99.79,132.04,74.63,,169.99,36.01,140.87,126.59,228.25,55.22,82.26,169.33,,49.8,,134.04,296.54,143.48,101.9,144.21,129.4,101.07,,67.06,118.1,165.7,,2068.41,,44.76,182.3,102.46,192.71,165,134.37,,,198.2,75.09,110.41,82.97,110.79,236.78,,150.87,98.09,92.37,,96.45,110.58,,93.64,126.47,,145.15,151.17
1978,,,93.54,,,105.85,106.14,154.56,95.05,97.38,,,81.87,133.41,115.42,175.59,,175.6,174.02,163.39,,284.76,82.09,100.14,132.41,109.34,,150.69,95.12,740.93,,286.35,103.43,125.3,140.36,142.68,260.14,128.06,174.26,110.37,102.81,70.06,107.61,82.03,96.83,84.94,142.36,326.65,,164.69,,184.47,,79.43,198.95,100.78,132.91,101.88,211.01,80.76,81.78,,601.09,230.04,386.68,35.45,78.49,101.84,92.71,166.13,106.33,115.41,,67.42,47.37,284.83,75.13,93.26,164.02,,242.86,93.51,82.15,99.71,140.19,109.94,91.75,,,129.61,,95.2,109.88,,,60.81,96.97,86.57,,119.65,,108.7,,382.79,148.32,,189.73,,205.88,,201.76,97.33,119.1,66.24,194.53,88.6,169.12,,110.25,200.27,270.45,523.31,108.28,95.19,129.71,77.79,,151.3,27.07,146.11,118.33,211.51,51.42,75.02,160.01,,47.63,,139.73,262.24,136.96,110.58,137.51,121.96,99.28,,61.78,123.48,160.84,,1974.51,,45.69,165.7,98.92,201.96,155.95,125.19,,,183.7,73.01,102.7,82.61,103.69,234.08,,205.85,92.04,86.17,,90.65,105.85,,91.3,120.92,,139.87,152.15
1979,,,95.95,,,105.04,186.61,213.51,93.67,93.37,,,82.33,130.78,112.5,187.03,,162.34,210.28,168.52,,288.34,72.76,96.57,130,106.14,,118.63,90.49,637.11,,290.69,100.85,135.71,138.62,141.62,260.42,129.76,169.09,98.52,103.64,67,107.28,80.84,97.6,89.9,139.36,323.94,,160.2,,99.34,,91.51,205.22,100.42,132.69,103.84,210.05,89.21,87.65,,521.38,237.83,392.84,36.87,81.72,100.64,107.16,173.7,98.98,115.71,,68.21,48.07,212.43,79.05,101.09,156.25,,235.9,92.22,83.9,92.57,148.14,97.13,90.57,,,133.16,98.12,102.87,105.67,,,61.06,94.48,85.73,,128.36,,105.86,,313.65,147.56,,202.02,,187.52,,202.93,98.87,117.35,86.78,199.42,93.85,168.71,,111.55,201.04,279.94,607.66,106.03,90.49,122.52,78.96,,149.3,27.76,140.75,126.48,203.62,39.41,70.72,173.66,79.96,43.01,,148.25,242.09,136.86,121.35,146.52,120.84,98.3,,59.21,128.53,163.9,,2035.41,,46.67,154.02,103.48,203.67,157.13,125.11,,,175.62,67.46,111.26,84.5,106.71,221.16,,370.95,91.84,90.26,,91.54,105.06,,94.35,110.3,,144.25,146.68
1980,63.51,,103.22,,,105.63,244.78,269.9,93.13,93.48,,,81.78,134.9,106.64,188.05,113.77,151.67,191.93,166.94,94.2,302.83,74.84,97.26,133.06,104.72,,111.51,88.08,519.07,188.47,275.24,92.94,139.11,156.76,138.66,262.05,129.95,176.13,93.77,104.35,65.13,100.96,80.43,90.96,104.22,143.84,319.91,,159.79,,107.28,,87.59,191.32,104.29,137.9,106.11,209.55,103.95,93.19,,690.87,247.2,494.23,32.64,79.03,98.02,156.42,173.74,101.2,120.6,,71.19,51.77,224.4,82.21,103.25,160.12,,256.92,95.7,88.66,103.19,148.04,89.51,91.26,,,131.15,101.84,94.35,103.45,,479.69,63.73,98.17,90.01,,142.22,,100.73,,305.88,141.27,,212.53,,199.44,,191.44,105.61,119.79,97.05,206.46,104.43,161.87,177.95,116.28,197.9,300.12,684.7,101.23,91.43,124.9,78.71,179.27,154.03,30.25,149.4,131.98,203.07,35.29,72.21,181.85,78.36,38.96,,143.06,227.28,144.86,119.05,139.47,124.1,96.97,,57.5,128.33,158.65,,2073.3,348.6,48.27,165.5,112.91,196.72,157.97,134.71,,,172.17,74.78,85.05,87.06,115.37,252.96,,653.4,92.29,106.68,,95.19,112.37,37.65,96.11,117.88,,157.13,140.88
1981,69.15,,120.09,,,112.96,263.03,227.82,87.62,101.32,,,90.37,131.61,95.96,167.85,122.18,169.23,228.55,136.76,99.68,293.79,85.57,104.59,124.83,112.89,,117.93,90.27,484.07,179.36,221.35,89.64,123.76,186.42,122.6,227.87,139.18,90.09,97.13,100.71,77.5,89.67,87.34,85.07,115.54,146.57,347.46,,179.42,,122.33,,83.42,201.63,106.02,138.4,98.97,187.88,105.4,105.66,,1541.97,241.66,630.48,29.31,80.49,105.6,204.05,188.58,96.6,124.97,,75.36,55.58,243.05,79.36,100.87,164.39,,302.31,99.2,84.7,107.79,145.31,93.54,84.82,,,113.29,104.95,98.16,107.91,,296.87,63.67,108.61,89.4,,131.28,,93.24,,369.04,129.44,,223.69,,184.45,,200.53,106.88,134.27,105.63,210.3,116.84,160.54,172.17,119.46,199.29,329.82,843.66,90.83,93.75,136.51,78.78,190.78,160.69,35.24,155.8,135.48,226.41,40.21,77.19,208.77,85.8,50.62,,158.69,229.77,149.92,132.72,150.59,121.88,102.5,,68.64,147.01,138.19,,2223.67,362.51,53.65,202.21,118.92,170.33,153.16,137.47,,,168.23,85.4,82.19,94.39,125.66,318.44,,199.26,98.72,123.98,,114.35,124.82,31.36,92.05,118.65,,164.2,140.08
1982,75.49,,126.35,,,119.96,278.98,105.03,88.53,101.49,,,98.87,123.47,87.4,165.23,126.01,187.9,253.29,123.07,104.27,245.89,97.37,110.35,128.03,109.05,,127.12,95.45,536.45,175.33,195.21,94.4,114.49,167.58,122.04,214.02,151.79,99.74,102.66,97.62,80.86,90.92,87.99,83.17,121,155.46,364.07,,178.84,,144.43,,83.8,224.66,107.6,136.12,94.35,188.92,101.69,111.9,,1956.98,236.58,801.95,33.75,83.35,111.49,231.29,213.74,100.4,134.09,,80.68,57.23,260.51,84.13,106.44,165.93,,349.05,90.71,85.87,113.99,149.43,84.96,87.65,,,115.51,108.63,100.05,115.6,,318.87,70.36,112.07,92.63,,116.42,,86.03,,435.71,128.43,,236.9,,168.55,,214.14,108.09,128.9,109.35,205.32,78.62,170.08,201.22,117.33,190.26,331.44,1049.57,93.15,96.98,141.84,80.96,201.35,172.13,36.53,154.2,138.66,204.42,50.73,76.21,250.08,93.25,62.65,,175.46,235.85,154.46,128.85,119.32,109.9,106.49,,71.8,190.72,140.72,,2410.75,351.7,59.85,239.44,112.25,154.31,146.88,140.47,,,166.92,85.39,72.11,105.21,124,381.12,,219.26,111.89,143.4,,126.46,138.94,37.79,93.61,121.46,,154.94,161.05
1983,76.52,,130.04,,,121.27,292.75,118.18,88.59,99.51,,,103.47,123.86,86.27,158.94,119.92,195.43,270.03,102.09,106.82,275.17,71.22,114.11,130.52,108.19,,132.23,99.55,431.79,177.57,176,95.71,107.02,138.69,129.68,207.46,147.75,119.38,106.88,95.63,80.95,91.34,90.18,83.57,125.44,162.21,386.37,,182.15,,170.31,,73.99,235.18,103.78,134.53,91.36,185.41,94.26,116.58,,1375.03,232.72,1035.65,47.05,77.44,117.1,275.72,245.46,92.86,142.27,,88.08,53.33,210.29,83.17,113.28,176.09,,413.56,85.22,90.33,121.19,152.73,91.57,80.79,,,110.79,109.8,96.65,120.05,,514.89,80.62,112.55,93.68,,131.08,,86.02,,491.04,120.12,,234.42,,166.23,,220.69,103.11,130.76,121.72,205.04,72.89,176.47,237.44,126.79,170.69,384.73,1339.5,92.04,96.47,145.69,77.88,197.71,172.9,33.34,148.84,110.69,197.8,58.69,71.68,283.46,96.39,55.57,,183.8,236.53,140.5,133.88,112.4,100.38,108.92,,71.64,210.96,138.99,,2505.39,382.73,66.53,257.1,117.2,146.42,142.15,144.87,,,162.39,84.74,74.29,119.93,121.77,404.68,,335.42,115.82,84.95,,135.64,147.96,52.11,91.64,111.01,,173.02,141.67
1984,79.89,,139.6,,,121.06,312.03,135.59,88.4,102.3,,,109.58,134.07,84.85,151.66,127.27,199.07,249.29,101.62,109.26,232.2,64.76,118.2,136.24,112.65,,134.95,96.34,246.27,165.75,164.22,91.66,100.93,133.29,131.71,181.47,133.73,121.63,102.18,95.01,73.65,86.5,94.87,81.58,135.86,191.78,410.45,,171.06,,205.45,,76.87,242.39,106.76,134.31,89.06,177.96,89.06,121.5,,491.89,217.24,1292.88,65.66,74.54,118.1,187.8,243.21,94.8,145.4,,92.6,54.01,206.64,81.42,104.41,169.54,,464.52,89.1,90.04,76.74,153.18,94.04,85.29,,,108.04,112.05,94.81,122,,673.84,67.94,115.19,102.2,,106.94,,84.53,,575.86,113.67,,198.41,,166.93,,221.78,98.44,121.59,122.65,219.7,84.19,181.3,315.86,113.44,166.51,532.62,1777.38,88.09,94.64,139.95,70.59,186.75,175.44,33.07,150.46,107.56,198.82,88.12,73.14,212.89,99.66,47.1,,192.54,233.47,141.73,132.94,154.52,104.44,110.97,,65.09,269.23,141.14,,2616.77,391.37,72.79,289.69,109.73,157.06,123.89,142.13,,,161.84,92.36,67.88,134.57,123.06,418.97,,173.34,120.65,80.16,,142.03,101.27,74.6,98.2,103.6,,149.58,125.68
1985,82.86,,140.45,,,118.82,318.3,118.46,88.21,86.78,,,114.72,134.17,86.24,157.7,121.47,194.35,258.29,100.72,108.39,205.72,63.72,122.45,137.63,97.54,,139.26,92.9,222.56,176.94,167.41,90.38,99.64,107.57,132.83,156.36,116.71,121.27,98.76,96.21,72.99,84.66,98.44,83.07,140.64,87.82,444.8,,201.89,,231.48,,78.77,287.36,109.16,138.52,91.41,183.46,89.95,122.67,,363.59,237.38,1530.21,115.63,72.72,137.82,265.38,249.98,98.25,146.16,,101.03,55.31,200.61,83.07,104.11,165.43,,480.21,89.79,89.87,70.72,153.27,95.67,85.63,,,117.38,113.78,89.4,121.93,,965.88,45.84,115.74,96.77,,78.57,,85.05,,628.18,106.12,,190.22,,177.87,,203.43,95.94,118.67,110.61,217.55,84.89,175.4,449.67,91.28,160.47,473.86,2093.17,86.63,94.22,132.09,73.1,179.4,175.68,27.8,146.17,118.66,185.14,77.99,74.43,177.63,100.87,58.3,,195.88,221.75,137.1,134.14,125.22,107.34,108.38,,64.53,240.02,154.81,,2896.72,383.56,86.72,338.13,99.97,157.98,118.68,126.27,,,160.66,78.26,71.23,140.44,121.67,507.08,,189.35,125.7,79.5,,143.72,106.1,134.53,94.02,98.94,,115.4,111.28
1986,73.33,,116.66,,,116.36,262.69,98.46,95.56,77.7,,,104.32,119.1,93.57,157.14,110.58,161.87,226.92,108.87,103.02,158.88,63.68,114.8,127.98,92.73,,131.72,89.22,215.35,188.29,189.58,99.81,113.18,94.64,145.18,121.57,93,114.34,100.75,93.59,65.39,93.69,95.79,90.81,124.57,93.7,437.38,,127.53,,238.03,,82.94,250.69,111.44,131.75,98.14,203.98,86.83,115.9,,230.72,173.67,150.34,108.25,70.46,93.29,224.68,241.51,88.76,146.45,,96.24,50.18,157.86,91.05,105.31,151.31,,561.76,89.91,98.35,81.46,145.59,124.84,74.95,,527.33,112.18,105.36,78.18,106.58,,657.24,30.92,108.16,89.39,,85.87,,88.95,,489.82,101.9,,176.76,,188.45,,188.47,99.18,118.43,104.94,196.55,62.43,149.09,569.21,85.72,167.65,213.91,6262.79,95.16,94.98,116.57,76.1,145.61,153.7,35.26,139.98,94.06,157.98,60.15,74.52,187.73,86.23,48.74,,186.19,178.02,115.61,136.56,156.53,109.52,95.29,,57.46,112.83,173.19,,3009.65,418.13,56.56,383.26,96.11,149.81,134.03,114.07,,,139.42,82.77,59.06,95.32,111.44,303.67,,189.67,114.57,84.3,,123.29,102.34,396.59,80.61,91.49,,111.22,55.74
1987,67.77,,105.28,,,113.07,230.33,90.58,99.64,78.49,,,98.22,116.19,98.14,150.84,106.13,141.39,194.08,109.07,99.73,153.57,66.01,110.37,122.78,91.41,,124.67,91.46,173.95,173.76,200.16,105.21,121.64,89.23,148.9,108.22,83.81,110.38,100.08,88.92,60.78,98.55,88.02,96.06,116,74.45,388.31,,108.06,,261.83,,85,199.62,115.54,113.37,100.79,201.4,87.74,106.25,,163.55,184.41,139.71,97.78,72.91,71.11,136.44,122.7,84.03,140.71,,78.79,45.41,120.1,90.94,105.14,142.88,,684.91,98.5,102.2,83.51,132.56,132.76,70.45,,127,113.85,97.93,77.73,98.86,,319.56,26.79,105.56,82.8,,100.41,,90.56,,466.32,97.99,,113.2,,160.54,,180.93,100.39,108.91,81.89,175.14,60.41,139.56,174.19,90.78,159.26,91.64,55975.28,98.37,97.72,116.9,88.34,130.89,139.97,49.43,137.96,86.62,141.2,42.29,73.8,127.39,79.39,49.93,,186.6,152.3,99.63,136.12,143.84,110.54,89.86,,53.29,127.4,166.26,,4137.62,324.36,64.84,574.05,101.18,148.79,136.68,107.25,,,122.8,79.86,53.99,97.73,120.71,174.63,,172.21,105.81,84.45,,110.7,67.37,466.22,79.09,94.64,,127.74,53.92
1988,65.37,,106.07,,,108.3,219.86,94.87,98.22,86.82,,,96,116.48,94.57,148.21,104.76,131.97,168.52,106.93,98.87,145.71,66.94,106.58,119.99,87.55,,121.88,96.73,169.79,158.71,166.18,102.65,123.56,84.81,144.14,118.11,81.77,102.98,97.45,87.3,54.94,95.39,87.28,95.25,109.75,63.28,317.39,,90.35,,282.57,,88.96,190.78,119.17,98.99,97.71,173.38,94.23,104.02,,152.33,203.52,150.71,94.92,73.92,69.08,103.74,156.97,83.71,137.92,,76.83,46.34,116.56,88.48,114.59,132.77,,854.32,103.38,100.23,84.98,118.83,140.48,68.53,,68.96,108.82,92.32,86.68,92.76,,161.31,35.1,99.96,81.49,,94.38,18.7,88.13,78.17,465.87,95.88,,102.9,,164.77,,176.44,99.22,101.95,85.76,192.83,74.22,124.24,145.99,86.27,151.76,101.68,2861.3,94.79,100.11,115.93,94.9,122.95,128.43,46.16,138.21,87.4,137.96,39.4,73.96,144.95,76.95,48.03,,188.64,140.34,101.4,133.57,144.86,112.91,88.71,,48.24,167.29,155.81,,4163.8,275.53,72.88,242.3,104.49,163.83,128.89,104.53,,,120.56,88.75,53.1,92.3,125.33,138.67,55.38,174.31,98.44,79.38,,103.38,81.75,261.84,82.27,88.24,,119.93,86.25
1989,66.72,,111.31,119.84,,108.49,224.38,61.84,95,93.72,2.16,,99.76,123.39,91.73,139.6,111.32,132.41,168.55,99.94,101.14,143.34,96.77,108.38,118.9,89.3,,117.58,101.98,172.3,150.45,139.92,95.31,116.85,90.06,136.8,135.37,77.8,108.05,92.97,85.77,54.08,91.5,89.71,92.58,114.23,83.04,267.5,,88.59,,271.96,,94.21,210.52,124.26,98.09,97.63,172.63,91.18,107.9,,142.98,197.25,154.49,92.35,73.56,69.48,116.05,107.86,90.91,145.74,,79.64,46.88,116.48,85.71,113.83,117.86,,954.52,89.52,101.71,91.32,96.89,128.71,67.68,,71.31,105.92,94.2,98.72,90.94,,171.82,49.85,101.93,79.15,,89.75,19.54,85.94,84.29,463.13,95.87,,97.96,,153.86,,174.18,94.16,102.33,87.87,202.35,79.2,120.71,146.28,86.87,141.03,94,3243.12,89.72,99.04,109.31,89.55,125.1,126.29,92.26,142.26,92.63,128.76,41.97,76.24,98.45,79.15,46.15,,184.6,140.65,103.85,129.94,240.73,114.8,92.25,,47.48,147.69,147.42,,4166.89,270.12,82.71,276.36,96.62,144.2,119.8,107.24,,,118.13,93.16,58.56,89.83,140.01,122.26,57.32,194.47,100.32,89.77,,105.39,61.29,68.72,80.6,87.67,,119.02,110.51
1990,60.51,,104.57,79.16,47.7,106.76,197.71,116.67,97.45,90.96,2.14,,94.14,114.78,97.1,142.69,45.15,120.97,146.23,104.41,101.76,123.05,104.25,104.03,113.17,93.26,471.19,111.8,101.14,142.75,152.88,146.38,102.92,119.39,87.08,142.5,102.31,69.64,106.78,95.95,84.66,42.52,95.41,86.36,97.24,108.26,86.26,214.35,,82.52,90.94,161.59,,100.32,196.64,127.44,99.64,99.12,203.74,92.73,101.63,533.51,143.27,187.69,153.39,97.85,79.27,56.49,112.78,110.38,91.8,82.03,92.45,89.33,48.58,111.59,91.43,113.73,109.15,142.37,965.09,88.89,107.57,84.23,89.08,115.59,64.02,413.1,62.49,100.77,90.2,94.71,97.43,178.34,96.06,53.04,97.57,79.05,,95.2,77.83,89.96,114.07,427.5,90.36,283.73,103.98,113.73,160.52,145.87,167.31,94.6,103.11,88.57,202.71,82.14,115.68,146.8,86.16,143.16,82.06,2120.03,93.09,98.83,101.25,86.9,125.14,120.95,90.11,125.5,87.87,119.85,37.24,81.33,96.86,73.58,60.47,130.05,162.75,127.34,94.78,128.14,219.47,120.34,96.07,112.65,37.32,106.74,151.91,,4610.33,285.74,73.55,272.14,97.64,150.35,126.07,106.16,0.5,103.12,116.09,88.89,66.73,92.07,133.49,110.44,302.32,133.4,96.54,78.39,3062.01,99.59,58.57,59.06,78.82,87.86,62.05,122.74,85.93
1991,60.18,,105.97,49.99,65.12,106.22,192.61,155.4,95.49,89.65,0.73,,96.62,114.57,95.5,138.04,23.47,117.83,146.86,100.85,102.75,122.38,87.05,106.94,101.55,90.68,339,109.34,104.09,144.48,139.65,150.62,102.58,114.07,87.14,133.43,90.27,68.41,91.45,95.39,85.51,39.7,92.94,89.94,93.22,111.99,82.17,127.49,96.06,85.76,105.08,88.42,,101.25,231.99,121.8,103.31,95.69,173.41,96.38,100.46,353.23,145.57,179.35,155.9,87.51,81.15,65.49,103.68,76.39,97.86,81.27,117.33,81.8,53.83,109.76,88.16,115.78,91.42,12.14,1133.8,90.63,107.36,72.57,93.46,123.45,62.06,278.99,103.21,96.68,90.16,94.85,103.28,116.3,105.22,58.82,99.7,82.77,,100.58,93.9,88.66,115.17,471.45,91.24,274.35,89.46,136.91,153.69,166.09,168.55,91.81,108.37,91.65,204.6,89.84,112.57,120.14,86.83,137.22,72.44,145.65,90.62,95.28,86.57,82.6,125.83,116.21,106.22,129.07,87.94,118.16,55.72,86.94,102.81,73.94,44.54,92.77,127.01,127.99,96.97,127.77,321.54,124.67,99.71,97.46,35.72,107.36,141.95,,4888.81,282.22,68.26,289.8,93.96,147.94,119.27,106.75,0.38,102.15,116.8,96.99,67.52,91.45,131.47,119.5,214.47,92.43,94.59,82.57,2338.83,102.07,61.75,66.12,84.49,80.13,88.16,127.8,71.06
1992,60.4,,101.63,32.7,7.89,102.84,156.94,175.97,97.11,80.91,4.26,,98.04,108.14,96.9,133.96,30.23,111.43,121.43,107.17,103.93,118.64,77.09,108.1,95.61,93.23,30.73,106.42,95.92,137.35,137.68,146.75,101.22,118.68,91.1,135.47,87.68,68.52,96.38,102.41,88.12,42.55,97.56,87.77,94.3,113.33,81.35,132.83,98.89,85.28,17.85,96.11,127.06,102.14,196.07,106.12,104.97,97.6,156.26,93.43,99.82,29.55,127.38,180.88,145.45,84.79,84.12,66.57,87.09,82.49,101.73,81.64,58.74,57.39,57.88,106.93,90.58,113.7,83.2,9.82,1366.97,90.76,105.54,64.89,93,126.78,64.06,22.57,97.08,93.78,88.9,89.04,94.19,14.58,107.17,59.67,100.77,82.77,,109.2,9.71,90.12,13.55,483.33,91.84,32.03,94.45,86.82,144.13,107.42,164.25,88.89,105.28,98.24,182.76,97.49,120.34,91.6,95.34,129.64,56.49,143.32,92.5,95.74,88.26,74.78,120.01,111.45,107.87,128.07,97.04,111.17,57.28,94.14,96.87,71.89,32.11,11.2,121.7,120.55,96.27,127.3,46.89,123.26,101.84,94.02,38.1,98.56,141.88,,5629.91,216.7,69.09,168.89,91.36,142.49,121.55,104.97,3.19,18.11,119.58,99.31,65.02,93.16,138.24,100.57,19.13,80.2,91.97,84.96,149.35,99.57,64,76.36,82.24,84.61,126.28,133.02,61.45
1993,78.85,,106.69,48.55,20.54,103.54,230.24,211.41,99.79,76.47,40.04,,100.89,113.22,97.83,130.38,47.13,117.68,125.49,104.55,109.48,117.25,79.59,112.05,94.22,98.18,5.53,107.04,90.09,256.39,132.04,136.75,104.43,118.14,92.9,127.29,95.14,73.67,99.27,99.56,88.5,52.13,102.07,96.24,94.56,118.72,85.5,157.76,92.86,98.65,33.49,110.38,81.24,91,128.05,91.14,108.84,99.15,153.22,85.27,104.25,16.92,112.38,197.43,152.06,85.82,84.96,68.45,93.42,90.17,112.06,75.66,74.69,53.49,63.6,113.64,82.95,111.67,78.02,10.25,89.89,84.24,90.13,72.55,97.23,148.48,53.95,62.1,97.48,92.88,90.87,90.19,96.05,47.4,113.73,77.73,103.17,85.11,,106.97,21.59,92.19,33.29,519.87,95.38,15.91,104.36,87.85,139.3,47.99,133.39,79.01,111.65,115.04,190.25,104.65,121.54,89.22,95.61,125.13,72.47,142.64,93.82,92.23,87.18,77.52,127.09,108.41,100.46,134.96,95.22,111.55,61.71,90.09,97.62,74.29,49.98,26.84,133.29,125.77,96.83,130.24,60.5,101.77,103.78,95.08,45.23,112.26,138.4,,10220.79,215.66,78.06,153.47,92.47,122.25,117.48,107.05,24.78,39.52,119.42,99.74,72.39,81.09,132.95,98,52.6,105.9,94.82,98.99,194.94,108.94,66.22,87.07,77.79,83.38,212.17,131.87,63.37
1994,80.07,,109.35,62.49,34.02,106.07,103.92,211.82,100.41,80.02,45.44,,99.29,111.93,99.88,84.8,45.96,117.86,131.36,71.67,113.05,111.71,96.12,109.68,94.17,96.57,60.67,106.29,82.59,123.46,80.79,72.45,109.58,73.62,95.97,70.85,75.31,89.12,98.38,99,90.01,55.83,103.09,98.4,94.38,115.63,86.52,132.49,92.29,103.34,47.68,115.31,80.74,87.28,114.09,97.58,107.69,99.33,103.18,85.48,107.34,29.95,93.19,182.32,149.86,56.17,85.85,73,80.94,91.16,116.83,68.58,84.86,63.05,63.58,113.4,82.72,113.92,80.2,8.74,84.72,79.54,88.29,72,95.96,156.75,69.15,85.31,109.49,76.72,89.74,91.42,95.99,48.93,116.6,84.2,102.74,86.71,,102.71,39.14,93.96,52.38,489.05,98.09,61.04,87.31,103.85,90.71,97.54,130.95,79.95,113.29,108.38,125.23,100.36,117.56,91.29,96.13,84.33,109.92,119.08,94.1,90.22,89.09,82.15,120.59,104.69,107.92,128.11,104.83,109.8,62.59,88.84,103.67,72.18,52.89,47.81,156.25,122.15,99.92,131,69.06,101.59,107.98,97.5,47.41,130.45,90.94,119.33,191.8,186.47,83.2,172.21,94.91,85.67,80.05,107.58,45.78,72.37,121.09,102.08,52.81,78.87,131.35,101.89,70.34,125.94,94.64,107.86,299.6,105.8,62.64,87.87,77.9,88.48,353.86,126.55,60.87
1995,75.38,,102.44,62.37,59.27,105.15,56.35,204.03,103.9,78.75,72.11,,96.46,113.15,104.31,90.54,54.32,112.74,142.69,82.55,120.78,111.56,108.77,105.67,90.7,96.41,116.52,105.34,81.02,123.74,96.82,78.74,117.39,84.95,103.85,89.94,85.01,95.09,101.48,102.29,91.25,59.11,108.84,94.5,98.97,108.17,90.23,114.75,96.89,101.81,61.82,115.48,73.93,89.02,105.36,106.66,106.7,102.45,114.27,82.34,104.1,59.23,108.15,178.14,141.87,70.33,88.72,75.39,77.02,93.45,118.91,75.72,89.75,78.02,61.47,110.71,84.02,116.61,78.82,10.43,115.07,79.6,83.08,77.1,90.1,160.06,70.62,107.85,118.2,81.52,87.91,93.31,90.14,70.96,114.2,87.48,102.57,84.3,,106.84,48.95,97.91,62.38,403.3,101.62,64.27,85.72,125.18,102.62,85.36,121.13,82.26,113.99,105.55,121.12,68.21,119.45,83.17,97.16,94.12,174.96,112.33,98.35,93.43,84.98,87.95,109.63,98.56,110.04,110.21,108.05,111.2,67.31,91.59,107.02,68.79,51.79,61.84,118.39,118.88,97.69,129.55,53.09,102.04,110.68,108.44,50.38,116.12,99.05,205.14,111.27,118.87,87.54,169.43,97.53,92.08,93.1,106.99,58.89,88.94,124.28,96.56,58.78,80.14,127.17,105.58,67.63,124.58,95.16,114.91,367.36,99.22,79.33,93.91,76.09,82.16,155.95,124.1,57.44
1996,76.75,,106.55,59.92,67.6,105.19,32.88,201.79,101.28,85.76,86.33,93.46,96.86,115.98,100.88,94.51,45.18,112.25,149.66,84.13,122.46,117.11,113.86,105.6,90.47,93.87,154.92,109.58,81.27,126.38,98.61,81.78,113.4,84.99,106.3,91.22,94.02,99.8,101.37,100.15,90.06,63.45,104.36,97.47,97.53,107.21,91.97,117.68,96.4,100.35,70.83,122.8,77.4,90.52,102.69,102.18,106.28,101.71,112.02,83.4,104.36,83.75,113.95,176.29,144.91,70.81,91.45,78.53,78.99,99.9,126.51,74.17,88.44,89.21,62.94,116.28,85.6,121.87,78.79,12.36,142.78,79.41,91.9,91.13,94.4,135.94,68.4,118.04,117.12,82.11,87.91,95.15,93.08,88.26,117.29,97.5,101.74,90.25,,96.47,60.38,94.41,70.38,393.93,102.04,76.68,107.83,120.63,105.88,101.52,120.24,81.8,117.49,110.04,172.34,76.07,124.07,102.4,91.79,96.44,226.69,110.13,95.02,92.59,83.18,93.41,111.38,101.68,111.6,117.93,116.65,107.77,72.87,92.17,111.5,73.77,46.67,81.08,116.21,119.59,103.7,120.97,45.8,110.21,113.58,104.06,51.96,117.09,99.24,136.25,126.85,108.56,94.03,183.02,91.66,99.09,94.79,113.39,124.31,87.92,123.87,100.17,59.4,80.05,128.42,128.84,97.36,126.17,97.45,116.3,414.85,103.35,65.76,101.09,79.77,84.52,93.42,112.43,58.95
1997,81.95,,114.09,60.08,68.21,108.15,64.74,211.17,96.9,85.62,98.57,92.31,104.53,118.71,94.73,92.18,59.88,123.08,179.18,82.38,121.3,120.66,117.2,110.44,96.07,93.21,138.6,111.09,81.3,156.36,94.8,86.7,104.24,85.1,115.19,90.31,102,109.58,103.2,104.96,88.88,64.57,97.83,106.7,93.92,111.86,96.8,127.73,87.39,106.7,73.18,138.47,80.54,86.01,96.31,98.08,110.25,96.63,110.16,95.96,106.45,91.46,120.04,184.17,145.15,65.74,91.34,86.1,86.79,104.25,139.02,80.23,87.94,95.17,66.25,104.86,85.51,128.05,86.25,12.96,180.13,80.81,91.31,106.02,101.89,129.37,77.17,112.19,119.69,77.1,96.14,87.49,97.86,96.93,114.19,115.05,102.15,95.81,,97.82,71.24,90.06,78.03,415.17,101.68,90.99,96.12,104.97,97.72,93.76,122.14,83.81,112.56,121.08,179.88,88.19,118.98,111.49,95.59,92.94,265.5,108.13,89.39,93.04,90.17,95.68,116.62,108.04,114.58,118.8,114.78,111.93,75.28,89.91,116.78,79.9,55.27,87.61,138.99,125.31,113.41,126.58,55.89,105.28,116.25,104.57,55.15,132.91,95.21,145.86,140.36,95.01,98.28,124.42,93.92,97.21,93.96,101.78,128.53,131.85,123.28,102.77,63.39,79.71,130.2,146.72,117.83,134.06,102.91,121.79,476.86,110.69,85.09,106.04,84.44,90.58,75.39,120.08,67.32
1998,87.04,,119.71,72.92,72.19,109.22,81.53,220.14,97.92,78.36,99.51,92.39,103.68,125.62,95.88,98.17,68.96,127.51,162.92,90.21,115.67,127.1,115.16,116.79,93.79,92.62,139.04,112.1,77.21,169.93,94.03,92.55,106.47,90.78,114.32,94.71,108.03,106.23,106.06,105.37,92.7,71.27,99.16,116.83,95.99,116.39,95.64,134.84,90.05,110.29,80.32,150.52,87.85,87.28,97.99,99.17,93.3,98.05,112.6,101.49,108.55,88.9,132.03,184.89,140.56,70.8,90.17,88.72,96.06,104.83,150.77,89.47,92.09,103.28,67.02,51.44,83.44,125,89.81,13.76,225.85,84.47,93.23,113.19,109.46,129.43,82.24,106.02,112.71,80.39,100.51,67.24,103.52,102.22,92.3,126.03,105.61,100.43,105.83,89.71,76.24,90.77,81.69,437.5,105.45,85.65,99.02,98.51,103.25,99.63,112.54,89.6,108.95,121.09,131.1,89.3,96.14,117.89,89.56,99.76,301.42,111.15,91.74,91.58,88.98,84.06,122.68,116.45,115.62,103.76,96.87,114.52,80.85,90.76,107.22,86.34,72.02,68.57,146.64,131.62,108.73,129.44,57.06,104.34,113.38,110.02,57,116.6,97.96,114.09,160.71,91.23,101.85,122.64,91.56,101.57,99.13,89.49,137.72,130.63,125.03,98.28,69.6,84.22,121.28,159.87,102.31,127.53,111.3,125.03,436.87,116.61,105.42,110.35,87.09,91.96,85.74,110.86,61.89
1999,85.92,,120.88,81.12,67.93,109.58,39.91,215.53,95.47,78.77,82.87,92.01,103.74,126.93,93.64,93.14,68.51,123.34,135.22,87.1,111.11,123,76.44,114.04,96.55,94.25,101.48,108.05,76.41,263.89,89.05,90.21,104.11,87.89,105.25,92.92,101.49,95.31,102.86,105.72,89.01,69.08,95.45,113.32,94.66,115.33,94.93,122.32,84.79,77.37,80.45,154.46,83.89,86.21,93.34,96.31,93.65,94.86,106.91,100.5,109.15,71.93,128.39,179.08,130.61,67.51,89.51,78.78,89.79,94.07,140.57,92.32,87.09,102.39,67.45,76.02,80.75,119.32,89.5,12.66,266.63,85.2,90.92,109.82,108.02,143.68,73.89,74.49,109.32,78.61,101.97,76.51,103.13,71.15,93.73,126.42,106.53,93.46,101.1,85.84,78.41,89.25,85.12,451.42,104.98,61.23,91.58,93.87,98.31,85.53,103.7,88.43,110.88,123.2,135.28,97.25,97.51,114.17,89.76,94.54,74.87,108.81,90.06,90.87,94.16,80.38,119.43,111.92,102.27,92.27,102.35,107.59,77.13,89.87,98.63,85.72,61.61,49.93,136.8,124.6,112.53,134.55,52.03,101.11,105.77,108.53,54.56,135.74,94.85,139.73,121.46,98.18,101.01,113.47,88.93,89.69,94.32,93.5,107.62,147.04,125.31,93.72,71.81,85.45,119.69,152.93,73.96,115.94,108.99,121.21,409.19,116.5,117.29,104.33,82.32,86.81,77.98,104.45,60.44
2000,89.53,,128.03,86.69,70.3,117.23,50.64,220.69,91.81,75.71,78.99,90.62,107.75,126.93,89.5,86.56,71.18,126.69,141.78,83.79,111.99,122.92,83.12,116.61,100.94,99.41,83.03,108.51,77.49,341.72,85.77,83.14,101.15,83.51,105.71,87.48,102.25,88.76,105.7,97.67,87.27,70.51,88.9,120.29,90.43,119.04,99.63,116.67,75.62,73.5,78.75,164.11,90.57,83.76,95.55,91.73,91.1,89.58,100.41,100.95,112.16,80.28,83.2,170.75,117.96,62.85,82.93,79.1,89.15,99.56,137.36,97.33,86.09,87.07,67.81,74.36,77.26,126.51,92.03,14.56,315.23,87.48,86.62,107.98,112.87,153.15,78.48,74.9,108.24,77.62,104.71,82.7,107.42,70.48,96.34,134.66,113.08,92.77,112.66,78.66,86.45,87.63,91.38,426.7,107.08,72.67,100.95,93.4,90.41,90.76,99.43,86.74,117.76,125.1,136.78,106.12,99.5,115.24,92.39,89.51,76.74,112.67,85.46,88.86,95.72,73.12,121.43,113.55,104.82,102.03,96.12,105.86,85.04,87.22,98.45,90.09,69.15,55.79,128.71,126.67,118.03,139.76,57.13,98.95,106.16,106.12,60.56,124.89,88.86,47.61,101.84,104.75,102.95,114.34,90.76,85.35,88.07,90.2,88.55,144.78,122.56,94.92,80.19,88.33,125.77,157.54,75.9,110.16,113.43,122.72,274.42,122.92,123.21,103.31,80.64,82.33,86.66,101.49,60.98
2001,94.05,,132.05,91.06,71.17,117.35,59.42,222.08,92.6,72.93,79.84,92.47,111.26,123.54,90.54,90.14,75.88,128.22,135.11,86.46,110.48,118.44,70,120.78,101.58,103.18,86.01,109.62,75.53,168.61,88.12,83.64,104.06,86.24,94.29,90.62,107.05,86.29,110,98.89,88.79,76,89.66,126.52,91.97,123,104.5,121.49,77.76,102.76,82.64,150.02,90.96,85.72,87.79,93.84,92.14,90,101.06,98.73,113.46,84.04,86.37,148.57,113.9,66.44,84.44,83.44,90.94,100.24,138.87,101.38,89.96,87.45,73.96,70.72,79.52,125.65,93.54,17.23,366.34,76.86,87.66,108.28,118.51,136.99,82.96,81.04,107.92,82.63,106.48,77.94,113.06,75.66,96.29,137.66,119.07,92.98,112.14,67.52,89.52,88.4,92.22,338.93,102.98,78.2,114.05,96.85,93.69,95.66,100.25,88.04,114.47,122.26,147.94,113.26,104.5,99.51,87.83,92.14,85.83,114.31,89.15,92.36,94.27,72.03,124.6,118.25,107.98,95.78,91.08,98.12,96.83,89.68,91.4,94.55,70.83,66.8,119.63,129.56,128.03,148.2,60.04,91.57,106.95,91.29,62.68,137.89,90.7,82.9,84.22,104.3,105.78,122.62,86.04,93.68,92.12,86.08,109.61,142.17,120.89,87.55,64.03,93.77,120.42,158.13,88.69,108.27,120.02,118.12,202.13,127.29,130.22,104.12,84.23,83.01,96.94,88.48,68.51
2002,101.47,73.1,129.47,91.42,73.04,114.68,59.75,89.38,94.05,76.74,86.53,92.71,108.36,118.73,92.27,92.9,79.6,123.58,116.89,89.28,105.56,117.3,64.9,118.62,100.06,108.79,91.49,109.68,74.79,120.9,90.72,86.96,108.48,89.65,90.48,93.69,104.63,82.69,107.38,99.09,91.75,85.15,91.28,123.66,94.19,121.19,98.25,113.3,82.12,114.68,84.92,129.76,82.11,88.58,84.77,95.91,92.39,92.03,101.26,99.33,111.58,82.01,86.02,122.46,110.74,73.03,87.73,88.94,95.29,100.84,131.12,100.71,91.61,76.33,82.06,86.09,84.01,113.81,92.07,20.62,102.62,82,90.53,107.81,117.23,127.37,82.27,90.75,105.25,87.98,105.84,81.88,112.31,78.81,90.99,134.08,115.7,92.45,96.23,61.03,92.35,89.78,90.6,138.56,103.35,74.36,122.92,98.15,98.76,93.45,93.92,90.12,114.2,114.85,162.61,113.21,104.58,103.81,81.82,95.42,86.02,109.07,92.97,100.08,91.13,78.52,122.43,117.16,107.27,90.04,91.16,102.55,93.49,92.36,80.68,92.17,72.04,70.17,110.63,126.34,105.78,154.55,70.75,94.29,103.92,93.78,65.39,124.04,93.69,88.93,87.54,105.52,105.35,115.36,81.91,99.2,95.43,88.32,109.14,132.71,119.3,88.1,72.49,95.45,115.47,147.6,87.32,103.37,119.54,101.02,142.6,123.05,98.11,101.78,87.83,87.4,100.82,75.97,69.86
2003,94.2,87.12,116.12,89.36,66.34,110.16,59,97.16,97.35,84.8,77.79,95.15,102.67,111.13,96.79,96.89,82.61,112.38,95.28,94.33,102,104.06,63.72,112.79,97.77,113.48,88.71,106.35,81.98,98.6,97.42,92.7,108.99,95.84,83.47,96.82,97,71.21,99.73,100.44,98.18,83.88,96.21,110.05,98.85,113.97,71.21,103.59,92.44,115.34,87.41,90.22,87.33,93.46,86.76,100.64,98.47,97.37,105.99,94.84,106.03,76.02,86.39,87.11,105.83,85.06,94.04,87.13,96.78,96.22,116.82,97.31,93.08,60.22,84.28,91.15,93.09,107.18,89.49,24.07,86.41,87.16,96.37,93.33,107.33,126.38,82.12,88.99,97.53,91.12,100.88,82.03,103.23,75.95,90.29,118.24,109.47,91.17,96.55,87.06,93.09,93.57,86.09,114.36,102.63,69.8,115.48,100.29,100.1,87.86,88.61,94.21,109.72,103.01,114.5,100.63,97.62,92.47,99.16,97.73,80.1,102.07,98.72,99.5,88.7,88.73,109.87,108.03,101.95,99.22,82.32,98.18,83.6,96.77,73.69,84.02,70.04,71.21,90.51,114.35,92.9,143.25,68.45,100.64,98.96,96.87,73.75,99.14,96.26,86.91,87.64,96.32,101.43,97.39,95.4,102.33,98.55,85.49,101.49,104.53,113.64,85.56,78.91,92.79,106.32,122.98,80.26,89.63,111.11,80.08,113.73,108.01,87.26,93.16,91.96,90.16,94.58,99.26,63.64
2004,91.07,95.67,108.66,97.39,70.15,104.87,68.48,93.12,98.81,91.25,75.71,94.93,97.12,109.21,98.42,96.15,86.98,106.08,91.98,95.76,99.71,97.94,66.69,107.09,96.81,110.73,90.53,103.56,86.09,93.97,94.69,96.89,108.11,97.34,89.01,96.88,94.16,77.64,96.41,97.27,99.92,85.34,98.24,103.44,99.64,108.08,75.03,104.66,96.53,109.43,89.95,84.24,99.9,95.75,81.5,100.89,100.3,99.57,106.13,98.58,102,81.42,85.33,86.25,100.09,90.89,96.51,88.75,98.34,91.73,108.3,95.47,95.12,79.1,90.13,86.35,95.9,100.59,88.36,36.87,86.19,89.85,98.48,94.14,102.44,127.04,80.49,86.67,94.61,94.07,97.23,82.9,97.39,81.56,92.14,109.41,103.85,88.4,98.88,102.59,93.67,95.84,87.73,103.59,101.47,80.8,79.69,99.47,96.96,86.59,91.36,97.77,106.2,102.21,102.11,96.37,92.86,96.98,107.29,98.3,81.82,99.37,100.05,95.37,88.85,94.77,101.99,101.38,100.21,102.25,78.41,94.15,83.01,98.22,77.18,82.55,71.82,76.87,86.03,106.05,91.26,134.43,69.7,101.98,97.39,97.32,81.4,87.81,96.64,85.68,84.56,93.34,100.44,92.75,101.98,98.5,99.81,84.81,102.52,93.05,109.6,93.65,82.06,91.15,104.23,110.71,80.13,92.1,105.71,80.09,106.49,101.91,84.34,91.48,93.83,93.89,97.11,108.1,66.02
2005,93.15,97.29,107.88,98.97,79.27,103.92,78.12,98.45,98.51,94.16,82.29,95.51,98.62,103.68,98.39,99.51,89.35,105.2,101.94,96.73,99.68,96.66,81.97,104.51,99.01,106.09,96.95,102.38,91.36,93.27,94.95,96.17,106.37,97.98,95.69,96.1,93.79,88.86,96.59,95.08,99.52,90.97,97.48,102.96,98.69,104.18,103.78,100.8,95.52,105.58,91.92,94.71,96.79,96.47,87.52,99.15,99.48,98.78,104.63,97.02,101.49,88.7,93.95,91.79,78.35,93.15,96.54,96.53,97.88,93.66,105.9,96.39,96.51,82.25,92.46,85.08,95.68,98.46,91.74,48.31,87.96,101.29,97.92,101.94,101.57,118.91,89.71,89.58,95.32,93.61,96.6,92.88,99.14,86.46,94.67,104.18,103.24,95.42,97.11,103.72,93.93,97.19,87.53,102.14,99.55,85.65,85.49,97.19,99.65,92.4,96.03,97.1,100.45,100.1,104.08,100.15,93.17,97.12,107.55,102.41,94.55,99.28,98.94,99.07,91.94,100.11,100.78,100.52,100.75,103.68,82.64,97.18,93.5,97.75,75.99,87.08,85.12,85.2,93.09,103.17,94.01,130.71,76.41,98.25,96.15,96.99,84.88,90.61,95.28,84.53,93.29,99.64,100.4,92.66,103.81,99.9,101.29,86.28,100.52,100.24,104.37,99.73,91.62,93.43,107.65,107.06,90.65,96.49,104.23,93.3,102.27,101.57,84.01,95.3,94.69,99.08,98.62,110.05,80.52
2006,98.01,98.99,106.72,99.61,86.56,103.13,92.85,100.11,98.3,93.78,90.96,99.2,102.36,100.07,98.61,100.08,93.93,104.1,106.28,99.02,100.38,97.95,92.32,103.01,97.57,103.5,100.97,103.2,96.65,103.36,99.34,97.51,103.79,98.08,101.08,98.76,95.72,88.26,97.45,97.09,99.74,96.13,97.28,102.74,98.53,103.46,99.17,100.8,95.7,105.71,94.35,96.35,99.91,97.8,95.93,98.4,97.39,98.51,100.98,97.59,102.12,95.25,100.32,92.01,72.27,95.08,97.59,99.84,96.74,96.33,104.98,98.09,98.51,90.01,88.63,99.53,96.31,98.3,92.24,71.87,93.15,94.24,98.09,101.69,104.28,108.17,96.89,92.68,97.24,95.14,101.16,99.86,99.95,95.66,99.44,105.04,103.46,98.23,101.42,100.16,95.4,98.1,91.32,99.63,100.43,89.83,85.83,98.28,98.68,95.53,97.48,97.86,98.71,100.29,101.66,100.5,96.96,98.4,104.34,99.85,100.94,99.82,98.5,99.01,94.04,92.93,101.36,100.86,100.1,104.33,91.53,100.27,95.84,98.49,88.24,94.51,91.28,94.14,98.95,102.17,101.02,123.96,88.58,98.22,98.47,97.41,89.88,94.52,95,90.23,100.36,100.47,100.86,100.38,101.42,107.09,99.48,93.93,100.58,103.26,102.78,101.74,91.62,97.82,104.49,100.76,96.97,96.78,103.94,97.05,101.12,101.27,90.08,98.98,94.66,98.23,102.1,105.03,107.18
2007,100,100,100,100,100,100,100,100,100,100,100,100,100,100,100,100,100,100,100,100,100,100,100,100,100,100,100,100,100,100,100,100,100,100,100,100,100,100,100,100,100,100,100,100,100,100,100,100,100,100,100,100,100,100,100,100,100,100,100,100,100,100,100,100,100,100,100,100,100,100,100,100,100,100,100,100,100,100,100,100,100,100,100,100,100,100,100,100,100,100,100,100,100,100,100,100,100,100,100,100,100,100,100,100,100,100,100,100,100,100,100,100,100,100,100,100,100,100,100,100,100,100,100,100,100,100,100,100,100,100,100,100,100,100,100,100,100,100,100,100,100,100,100,100,100,100,100,100,100,100,100,100,100,100,100,100,100,100,100,100,100,100,100,100,100,100,100,100,100,100,100,100,100,100,100,100,100,100,100
2008,104.82,119.62,98.17,101.08,111.22,99.74,108.12,99.4,101.7,98.27,115.46,105.78,102.31,104.04,103.92,108.87,109.93,97.34,104.68,105.93,102.16,115.36,105.03,100.09,95.34,103.27,106.87,100.51,98.22,100.69,107.93,105.72,105.08,100.49,101.93,104.03,108.48,106.08,105.27,105.03,103.82,116.46,102.18,101.4,103.11,98.71,100.08,103.84,105.59,100.73,109.15,107.93,114.76,103.08,125.5,103.72,102.97,102.47,104.18,87.62,101.64,113.46,97.11,109.19,99.97,105.91,103.35,106.83,109.79,101.04,98.48,105.45,105.46,100.34,104.25,96.34,104.6,112.48,96.9,98.9,115.42,76.57,102.63,109.7,104.92,110.07,105.86,117.99,117.89,105.74,99.74,81.48,104.81,110.74,108.97,102.22,99.61,105.99,108.64,90.22,110.09,102.75,114.02,106.08,101.69,121.96,111.53,106.8,108.9,121.68,108.08,103.81,113.43,104.71,105.15,98.42,101.21,118.81,92.03,110.4,111.62,106.77,101.76,100.93,95.68,93.17,105.16,100.78,105.95,113.84,105.18,90.88,110.57,101.42,118.35,108.27,96.16,109.01,106.41,99.49,107.95,91.29,103.06,98.49,106.43,103.76,110.31,102.14,105.22,108.47,106.82,113.29,100.71,115.89,95.96,107.93,107.02,101.19,112.35,77.69,99.94,105.79,102.54,106.86,100.55,108.71,111.19,104.92,97.31,112.91,103.32,102.37,123.22,113.16,97.3,99.91,110.58,88.72,117.93
2009,109.75,114.11,101.33,95.38,100.69,104.25,122.65,92.69,101.37,95.81,124.27,104.68,109.79,114.09,103.54,107.93,112.4,103.54,115.61,105.47,104.54,127.31,105.13,104.88,92.43,106.53,96.59,102.53,93.47,105.99,110.95,108.59,108.91,99.8,100.31,105.78,111.48,103.56,107.09,106.34,103.88,110.73,101.57,111.29,104.83,102.79,99.97,102.27,105.01,109.63,109.75,128.11,161.32,102.59,115.12,105.41,90.51,102.02,105.16,78.7,103.54,108.3,86.5,99.38,104.33,109.84,104.19,103.7,106.42,107.21,103.2,113.66,105.3,103.05,96.8,96.2,102.68,109.63,101.4,102.38,128.26,63.95,102.74,101.57,106.77,125.27,108.34,111.68,118.07,108.77,104.15,72.96,105.2,100.8,116.61,107.64,102.18,106.89,112.83,96.41,114.97,102.49,118.03,111.75,105.09,119.32,109.96,105.39,110.8,108.74,103.89,104.36,107.6,111.94,114.68,86.46,98.13,109.81,101.01,109.45,104.64,108,102.5,98.05,98.97,87.29,111.8,104.3,109.34,123.49,103.49,97.04,93.34,100.45,111.01,106.65,88.22,99.35,116.6,106.69,114.6,86.14,107.59,90.62,106.58,104.1,115.09,102.41,101.47,101.38,108.74,126.47,104.02,124.45,100.46,116.81,109.99,98.75,102.96,77.65,99.02,111.91,95.82,117.04,96.36,113.2,91.01,103.15,102.11,118.59,109.56,106.86,160.18,118.81,96.6,114.86,117.16,96.83,101.04
2010,106.04,119.17,104.26,90.44,104.01,103.74,119.84,94.31,98.6,110.85,126.25,101.69,112.2,116.62,100.32,101.4,110.07,102.05,120.43,100.43,106.22,125.13,121.63,103.57,92.03,105.87,96.43,99.78,103.04,115.36,106.75,100.55,114.18,95.36,107.77,101.15,111.38,116.67,119.64,104.48,99.66,113.13,96.49,110.06,100.73,101.1,100.24,103.11,96.38,108.16,106.72,138.46,174.07,99.56,98.54,100.41,86.54,98.39,101.61,79.94,103.85,105.49,88.12,97.01,98.8,108.62,103.23,105.09,98.45,108.3,101.29,115.47,102.95,106.11,99.38,110.38,94.73,115.76,115.07,103.6,135,66.84,98.79,111.66,107.89,127,105.72,107.8,116.9,103.73,102.02,79.68,106.26,104.98,120.23,110.14,102.21,111.16,111.33,112.11,110.77,101.11,110.4,112.04,101.13,114.33,110.77,101.14,105.03,122.44,102.09,99.47,111.91,115.69,106.53,93.93,104.19,91.66,113.48,103.15,114.45,104.1,97.67,102.6,107.91,96.74,111.19,102.43,113.69,121.16,108.58,99.06,99.66,97.59,117.69,100.64,90.07,108.67,113.17,106.5,106.64,91.61,116.1,97.19,111.03,101.94,111.59,92.09,96.25,93.06,112.7,125.14,101.67,126.45,108.71,108.29,102.27,105.44,100.08,77.64,98.26,112.34,106.83,124.36,97.22,107,95.27,95.58,97.43,137.59,108.6,105.14,163.83,113.85,102.31,113.48,114.91,114.06,105.75
2011,98.63,121.73,100.9,89.55,104.11,100.28,123.56,91.53,99.3,119.54,129.29,103.12,115.58,111.01,101.11,101.2,111.38,94.7,119.64,100.47,106.37,130.77,128.06,100.55,90.53,106.93,82.23,95.84,105.43,121.15,105.3,99.95,125.11,97.55,109.93,101.72,114.52,116.74,123.43,106.26,100.3,115.44,96.25,107.53,100.17,95.18,100.95,102.64,96.49,106.01,108.46,135.86,170.76,100.15,104.07,100.82,90.21,98.06,100.71,80.6,101.27,114.25,83.39,89.92,95.67,112.74,103.68,109.13,100.79,106.08,99.04,117.01,100.44,103.94,99.23,111.62,93.67,117.4,114.88,100.93,146.73,67.99,99.14,115.37,104.77,130.34,100.06,116.32,119.33,103.97,102.47,80.57,107.36,106,123.33,107.26,99.15,113.39,110.18,113.19,112.41,102.18,112.72,124.85,98.46,121.09,116.89,102.9,105.54,134.29,98.27,99.49,119,106.02,103.09,94.44,105.03,111.08,112.19,103.51,114.96,100.76,97.44,103.49,109.09,101.19,107.28,100.64,112.96,132.28,110.28,103.57,98,98.39,134.95,95.22,92.4,113.25,108.45,102.69,109.86,85.41,110.23,101.61,117.9,101.03,113,83.43,97.12,101.66,104.33,139.72,100.9,118.82,109.19,108.87,103.09,105.38,98.73,77.51,95.83,119.53,94.74,123.39,98.62,100.42,95.58,91.7,93.02,144.93,105.25,101.05,117.38,112.99,102.34,113.03,131.6,112.17,105.68
2012,99.72,119.15,106.56,89.15,100.45,103.03,138.29,92.24,97.62,122.63,130.57,100.45,120.14,110.48,98.8,100.49,109.15,98.48,126.15,102.08,105.73,136.88,116.58,102.84,89.2,108.21,80.29,96.68,105.07,126.27,106.31,99.22,121.16,93.93,113.59,99.26,120.74,124.04,129.19,104.54,98.08,112.03,93.08,114.6,97.77,96.61,101.28,108.47,91.22,111.1,108.03,148.03,185.44,98,126.01,98.63,92.34,95.22,98.73,84.1,102.69,117.23,76.76,88.1,107.86,108.57,99.65,112.26,97.57,108.3,103.86,118.49,98.6,105.76,97.04,108.7,89.43,112.08,111.56,110.16,171.53,67.79,97.5,118.79,111.32,130.52,117.24,118.08,123.32,105.66,102.87,81.11,110.57,110.72,130.17,117.29,102.54,106.22,118.36,105.08,110.85,100.81,109.07,132.12,96.24,126.01,117.08,101.33,106.25,143.05,100.09,96.25,120.95,112.68,81.08,91.76,105.49,121.71,109.15,98.6,128.71,102.19,95.07,103.04,104.35,105.29,111.54,106.55,122.64,157.68,116.56,107.32,96.07,96.93,133.65,98.23,86.9,115.81,114.07,106.58,120.31,83.72,112.82,100.95,124.5,99.64,112.81,91.48,94.11,94.07,108.92,146.95,102.06,124.73,109.41,110.79,100.23,106.67,102.63,81.84,94.01,123.79,99.05,133.86,100.17,117.26,97.75,104.85,96.11,150.86,107.79,105.52,141.43,122.66,101.23,120.06,146.43,106.54,109.97
2013,101.39,119.69,105.66,90.48,102.75,102.35,145.14,83.6,100.24,118.32,134.68,100.96,121.67,122.91,100.94,103.34,110.05,101.5,124.59,104.64,105.41,145.24,111.92,102.26,88.2,110.4,87.23,96.31,102.03,125.06,111.84,105.49,119.67,97.89,113.14,102.97,129.38,120.45,135.72,106.55,100.47,110.1,96.22,114.67,99.13,96.61,98.99,106.95,96.39,113.85,111.78,137.38,193.19,100.12,128.65,102.29,93.64,97.22,100.15,83.78,101.62,114.19,77.71,81.48,120.6,114.16,99.81,115.27,99.97,108.77,108.5,118.08,100.21,106.88,96.5,105.98,91.74,120.14,110.64,111,150.71,71.29,99.91,114.77,116.06,104.89,121.8,121.86,126.13,109.09,103.13,87.01,113.41,114.31,138.27,121.91,103.37,111.76,121.49,92.8,112.35,102.81,109.63,131.25,97.91,123.74,121.39,104.79,106.55,140.66,102.43,98.95,121.2,116.27,73.32,97.55,107.44,123.89,100.67,102.67,138.44,103.16,98.81,102.13,104.37,109.6,114.4,114.81,122.81,156.79,121.94,105.56,96.92,97.68,141.37,101.76,91.32,117.84,111.84,111.21,130.4,98.84,115.68,103.54,129.47,101.41,114.51,94.9,96.19,102,110.92,160.58,101.27,138.88,102.99,112.05,103.9,113.61,106.67,87.84,92.27,121.33,98.02,139.17,103.12,127.17,95.88,107.33,98.35,163.72,107.38,104.97,140.02,132.29,106.52,122.14,161.81,94.89,115.9
2014,104.56,121.53,105.98,92.6,105.8,103.22,151.92,69.8,101.29,113.49,140.58,99.95,122.48,132.51,100.82,103.31,108.25,104.11,130.99,103.41,103.04,157.24,110.89,102.47,92.22,111.03,89.44,96.88,95.88,126.03,131.48,106.67,120.66,98.34,103.94,104.9,133.93,115.62,130.84,106.29,99.45,103.6,96.63,116.27,99.64,97.47,97.26,108.43,96.36,119.01,112.45,146.67,208.4,99.53,131.51,103.59,92.97,97.35,104.31,89.65,99.3,112.19,61.22,74.3,130.45,118.21,97.8,120.67,99.18,108.11,113.03,120.6,98.88,105.73,92.16,100.1,90.85,121.24,112.27,114.34,123.45,76.35,99.76,111.84,118.86,98.74,127.32,120.52,130.42,109.63,102.7,92.61,116.97,104.71,142.89,122.98,105.71,112.92,123.09,86.3,112.41,102.91,110.32,133.69,97.86,116.35,117.57,104.3,107.34,132.16,106.25,99.11,124.83,118.22,79.16,96.77,107.31,125.07,95.3,101.7,147.74,103.91,98.58,97.28,107.92,113.53,115.88,119.03,121.58,153.29,121.47,115.23,96.8,97.03,147.81,105.95,91.41,105.59,107.67,113.65,137.87,94.74,130.72,98.25,129.89,101.16,113.83,94.23,95.12,100.4,114.71,171.16,101.68,130.92,99.51,113.26,104.08,110.48,110.55,95.44,92.2,119.32,92.32,147.11,102.99,131.23,72.48,110.81,101.36,163.89,106.96,105.08,219.04,137.24,106.73,121.42,175.9,89.21,111.35
2015,119.21,123.37,119.7,93.04,107.18,109.81,154.92,78.02,98.12,105.84,123.58,95.32,129.15,153.48,96.54,101.07,103.45,116.87,154.01,98.11,102.3,177.07,92.85,112.1,98.16,113.63,74.2,102.1,87.1,145.66,127.71,102.86,129.72,94.61,104.08,103.05,146.64,95.32,141.28,103.55,93.02,101.47,91.84,129.31,95.69,104.9,99.93,104.39,86.91,138.25,109.68,168.33,304.87,95.16,154.07,98.67,95.51,92.57,99.75,94.66,104.29,102.6,62.9,87.58,149.71,108.95,92.53,133.13,93.84,115.34,127.18,124.44,95.73,105.68,88.26,103.96,84.2,121.2,123.83,132.06,140.44,78.06,94.97,116.82,129.58,94.05,134.71,118.63,140.32,106,106.25,94.71,127.23,100.74,158.06,134.1,111.13,120.21,147.23,78.68,107.89,99.41,106.63,155.15,98.08,108.06,117.11,99.63,103.96,138.14,112.81,93.35,123.5,129.77,91.35,86.29,99.68,114.64,93.43,97.17,148.14,108.85,93.87,88.93,118.22,107.19,128.28,130.79,122.79,162.87,129.68,130.55,93.08,94.35,141.57,118.54,87.88,86.63,117.22,126.44,143.69,104.23,161.06,91.79,130.07,97.68,110.12,101.64,91.3,95.45,129.56,172.79,106.36,132.74,98.92,110.69,99.87,114.05,104.58,93.26,96.96,119.03,90.94,164.12,106.73,127.95,66.14,101.62,115.21,163.99,115.23,116.22,531.44,150.44,109.25,126.68,238.62,88.55,97.64
2016,121.52,115.14,119.22,96.3,105.19,110.86,149.79,66.47,99.29,105.55,89.06,94.01,133.02,161.66,99.01,100.83,102.29,120.39,154.8,97.52,103.12,186.18,97.78,111.12,96.94,115.82,66.77,103.45,84.75,138.1,134.02,106.56,126.65,95.39,105.61,103.79,137.98,92.22,138.77,102.11,93.39,103.38,92.64,132.98,96.38,105.94,99.17,102.5,88.55,141.48,110.69,142.71,289.85,95.55,155.87,99.52,99.31,93.4,101.83,83.91,106.61,101.67,71.11,92.8,135.18,110.66,93.38,140.89,96.9,117.22,130.61,122.37,96.04,94.1,88.25,107.18,85.3,122.32,123.9,131.82,144.3,87.06,95.37,111.68,129.89,105.41,140.24,110.05,144.9,109.26,105.66,91.66,130.69,75.13,162.73,134.19,108.86,117.04,144.24,72.43,109.23,99.83,107.09,196.87,100.03,109.16,114.88,99.57,103.01,127.52,105.18,94.52,124.82,132.03,79.68,74.62,94.76,88.16,91.33,97.38,131.54,107.07,94.63,89.01,123.97,107.13,129.29,128.99,120.31,153.02,123.86,132.08,88.9,95.51,137.89,121.94,86.05,85.2,113.3,128.89,142.56,104.3,188.21,92.16,127.75,97.76,109.74,92.74,92.4,94.86,109.94,183.12,106.77,101.63,96.57,108.57,100.8,109.03,87.58,96.54,92.15,112.16,88.91,162.66,105.17,124.33,64.87,101.89,118.65,169.81,108.93,116.36,1288.22,151.26,107.21,125.31,236.96,82.19,100.15
2017,121.33,117.9,119.34,100.22,103.54,109.76,186.21,72.38,100.79,108.88,93.46,94.09,137.25,162.17,100.71,101.84,103.19,119.5,167.13,98.39,100.76,184.53,106.96,110.11,99.75,114.22,71.06,102.51,86.11,124.81,138.65,105.7,124.29,95.16,109.11,103.72,135.35,97.13,132.35,102.14,94.91,107.8,94.04,130.33,97.05,104.17,97.42,104.38,90.76,137.4,114.1,96.98,249.69,96.88,153.61,99.98,100.87,94.08,103.75,79.97,105.91,101.42,69.94,90.92,141.26,111.04,94.85,148.79,95.27,117.2,129.5,120.78,97.86,99.53,90.28,108.86,85.78,128.16,129.69,129.24,143.77,97.98,96.27,112.13,133.48,99.92,144.68,112.85,145.87,106.98,104.35,94.51,130.2,83.07,156.47,138.46,107.72,116.48,132.7,81.42,112.61,101.22,109.51,243.36,99.43,122.2,123.6,100.49,104.17,114.15,103.22,95.62,130.15,134.26,82.04,76.34,93.29,93.4,100.92,96.83,123.99,103.6,95.52,90.14,128.64,108.66,129.34,128.26,124.44,154.22,118.05,133.84,92.06,96.24,138.74,120.13,85.35,99.34,108.54,125.94,141.34,102.13,233.11,91.92,126.23,98.3,110.25,91.31,92.49,98.51,109.29,192.36,104.98,110.26,103.67,106.8,99.83,112.58,84.08,104.29,83.92,117.7,79.88,159.34,110.89,123.18,70.08,98.62,118.32,180.97,70.28,116.08,6242.42,150.4,109.26,123.84,232.63,93.48,108.39
2018,121,109.39,115.3,107.45,101.92,108.9,138.95,55.17,102.52,104.61,95.4,95.38,137.4,159.96,102.98,103.81,106.12,117.76,150.31,99.75,100.35,187.28,95.79,108.7,97.77,113.81,67.64,99.63,85.73,138.36,140.43,107.11,120.31,95.83,110.52,104.66,136.64,97.25,129.06,103.13,95.56,112.29,96.21,125.81,97.8,101.62,93.83,99.24,94.21,133.08,118.2,113.36,204.57,98.22,146.74,101.53,102.1,96.06,108.2,81.34,103.33,100.9,69.82,89.83,151.15,113.55,95.23,146.62,96.66,114.01,127.25,120.5,99.09,102.63,89.54,102.1,86.52,124.84,122.94,123.58,146.3,95.16,97.48,112.11,134.72,99.03,149.03,111.21,144.29,108.14,100,95.62,127.07,80.24,148.85,140.19,106.68,110.13,122.43,83.47,115.41,102.56,112.31,270.43,99.27,133.54,119.82,102.3,106.31,116.76,102.6,97.59,130.45,130.56,85.82,76.64,97.35,97.87,101.1,100.05,133.5,100.84,97.02,90.43,125.57,104.47,125.89,125.51,121.49,152.26,115.09,116.12,93.04,96.76,141.75,116.02,87.43,91.08,101.33,124.8,141.43,99.65,99.93,88.04,125.39,99.3,112.22,94.02,93.11,103.26,113.43,207.64,103.19,121.21,104.99,111.4,101.28,115.77,78.56,117.46,78.06,121.23,66.84,156.32,109.74,120.98,73.29,93.98,117.09,186.16,50.73,114.07,78.21,148.32,106.76,125,200.9,94.56,101.52
2019,118.46,105.25,119.26,111.13,103.96,111.87,116.15,50.21,101.48,99.85,96.19,93.64,143.52,168.56,101.34,97.77,106.25,120.58,146.58,95.82,99.47,194.56,93.95,112.5,97.18,115.25,71.26,99.59,84.72,146.68,140.17,103.4,121.82,93.83,104.93,104.21,135.52,91.22,129.42,102.5,93.22,112.84,94.51,132.28,96.06,103.96,91.82,101.6,90.99,135.93,118.74,139.94,212.95,96.56,163.16,100.06,102.74,94.63,107.45,81.02,103.9,96.13,67.28,94.27,166.32,110.04,93.07,148.75,93.19,116.74,132.27,122.09,97.48,92.16,88.51,106.49,84.27,128.14,126.67,124.92,196.92,88.77,95.26,112.56,136.83,101.71,158.38,110.52,146.81,109.02,99.62,90.62,129.12,76.41,147.77,146.96,107.48,105.23,123.82,79.97,115.59,101.89,112.81,263.61,99.88,137.14,119.02,100.43,100.19,116.53,104.24,95.5,127.8,132.64,94.56,78.77,95.68,100.2,98.95,94.6,151.41,101.28,96.92,88.01,127.54,103.06,127.22,125.85,123.91,157.11,120.13,101.89,92.43,95.03,137.39,116.89,87.07,94.04,100.78,123.43,142.12,102.03,80.38,84.39,125.19,98.78,112.93,97.66,91.31,103.12,119.52,218.12,103.11,,101.87,106.52,98.79,121.97,81.79,123.23,77.53,124.98,67.09,157.92,107.87,125.81,84.6,97.2,120.33,181.81,53.65,117.86,60.26,151.73,106.22,127.72,211.78,91.85,92.52
2020,111.97,109.92,118.69,113.08,99.95,113.39,88.5,48.46,102.82,98.7,95.56,92.92,146.24,174.95,101.91,99.5,108.08,116.35,149.14,99.15,99.95,197.22,73.91,111.36,94.34,116.59,63.49,99.15,83.56,143.78,141.4,105.78,125.93,96.48,95.49,107.13,137.16,82.65,129.94,103.53,92.41,112.87,95.09,132.79,96.8,101.72,85.58,96.78,91.91,136.4,117.98,154.98,220.85,96.44,161.38,100.74,99.55,95.35,109.04,80.83,102.09,90.88,68.33,95.77,172.79,116.09,92.01,152.4,95.46,116.95,132.3,124.85,95.89,106.73,84.76,104.24,84.19,130.31,126.16,120.69,265.37,81.73,95.25,109.88,134.37,102.81,158.28,102.8,148.43,112.35,98.11,88.76,128.69,73.69,148.88,266.6,104.54,104.78,139.72,72.84,117.03,101.84,112.97,265.24,100.08,142.57,117.03,101.74,101.26,113.35,104.09,96.86,116.9,128.62,104.55,72.18,92.23,95.88,90.92,97.63,144.92,100.46,98.25,81.85,127.46,102.23,123.96,123.06,120.43,160.64,126.95,103.44,92.41,95.08,128.4,112.04,87.88,85.5,102.49,125.36,144.86,81.8,176.03,86.17,122.27,98.61,115.09,100.14,93.91,105.32,127.68,240.8,101.81,,96.76,111.48,100.94,118.53,79.89,131.07,83.86,124,59.79,157.98,111.32,129.53,82.23,98.8,122.03,167.75,52.26,116.03,62.84,153.6,109.81,127.97,199.89,82.08,77.17
2021,104.54,90.9,113.97,115.19,96.39,111.45,95.66,50.55,103.16,105.4,94.53,92.75,143.11,174.57,102.69,101.47,109.23,109.53,146.89,98.95,99.07,188.77,72.18,109.15,101.1,113.83,62.84,97.23,88.03,136.46,143.92,106.27,122.57,98.53,98.61,107.45,142.05,80.29,118.35,103.9,92.7,117.82,96.25,127.26,96.16,98.7,87.09,92.41,92.56,130.44,119.91,154.89,222.98,97.18,155.02,100.18,97.1,95.08,107.91,84.12,98.48,91.34,68.07,96.97,180.67,113.7,90.57,150.82,97.23,114.77,127.21,127.18,96.37,123.4,85.2,103.38,84.22,133.69,126.35,98.08,352.59,85.64,94.94,104.58,129.42,94.18,153.6,97.54,146.09,107.99,93.47,90.13,128.57,72.04,140.09,669.92,101.8,98.25,165.53,81.64,119.24,102.81,113.47,79.17,100.88,138.63,115.74,103.11,102.1,113.91,105.5,95.91,107.88,122.59,97.56,77.07,91.9,98.01,95.56,99.28,143.05,98.61,98.7,87.13,125.37,109.11,119.81,121.47,106.94,155.43,127.88,106.14,92.09,93.53,126.98,108.69,88.78,84.35,93.06,122.97,139.62,88.02,109.11,89.29,123.26,98.08,115.47,98.99,94.01,107.33,98.85,255.74,100.32,,100.89,108.64,103.3,112.84,73.8,143.83,83.98,118.65,53.21,152.1,115.36,125.74,83.99,98.98,120.01,163.11,51.54,111.42,98.95,150.13,114.17,120.08,199.16,90.25,78.67
2022,110.04,76.77,125.41,115.55,119.54,115.48,164.01,63.4,101.5,106.1,104.54,93.54,154.83,173.29,102.48,107.73,112.27,115.01,171.06,95.02,98.44,189.54,80.55,114.72,103.1,116.93,66.6,101.06,86.91,150.21,139.91,100,124.06,94.86,94.91,103.12,142.83,76.22,120.58,101.53,92.12,131.1,94.99,139.59,93.66,103.61,95.27,99.65,90.03,134.62,134.58,139.35,246.78,96.89,180.14,97.82,96.62,91.32,102.28,84.05,100.52,114.69,62.07,102.97,232.39,104.8,90.83,155.91,92.94,122.26,130.53,130.31,97,117.97,81.11,107.31,82.41,134.39,128.45,106.56,512.54,89.81,94.12,109.59,137.26,79.48,156.48,110.88,151.87,110.55,94.09,85.95,136.15,76.28,114.89,755.5,106.3,89.87,207.06,76.58,128.75,102.12,121.2,80.79,97.85,169.38,121.46,103.7,100.3,117,113.83,91.49,114.62,127.57,100.53,80.15,90.7,115.24,94.01,94.55,164.84,103.76,101.03,84.56,125.95,106.13,127.06,131.12,116.05,169.11,124.56,95.77,93.79,92.49,131.12,116.57,92.01,103.11,99.81,129.16,146.56,109.77,202.83,83.33,130.02,98.02,118.61,95.06,92.67,109.6,107.92,267.53,104.2,,97.56,102.31,99.59,112.84,81.98,171.23,84.64,128.95,50.37,154.48,114.68,134.52,87.25,105.08,132.62,179.78,55.55,120.94,145.57,163.05,119.31,126.37,274.19,88.76,107.35
